:020000040800F2
:1000000000060020E1020008E3020008E302000805
:10001000E3020008E3020008E3020008E30200082C
:10002000E3020008E3020008E3020008D1760008BA
:10003000E3020008E3020008E3020008E30200080C
:10004000E3020008E3020008E3020008E3020008FC
:10005000E3020008E3020008DD85000809860008C5
:1000600035860008618600088D860008E145000895
:100070000946000835460008614600088D4600081C
:10008000B5460008E1460008E3020008E302000864
:10009000E3020008E3020008E3020008B986000852
:1000A000E3020008E3020008E3020008E30200089C
:1000B000E3020008E3020008E3020008E30200088C
:1000C000E3020008E3020008E3020008E30200087C
:1000D000E3020008E3020008A5870008B9870008CA
:1000E0001D870008E3020008E3020008E30200089D
:1000F000E3020008E3020008E30200080D470008DD
:10010000E302000891870008E1870008E302000885
:10011000E3020008E3020008E3020008E30200082B
:1001200039470008614700088D470008B9470008B3
:10013000E5470008E3020008E3020008E3020008C4
:10014000E3020008E3020008E3020008E3020008FB
:100150000D4800083948000865480008E302000817
:10016000E3020008E3020008E3020008E3020008DB
:10017000E3020008BD820008E3020008E302000871
:10018000E3020008E3020008CD870008E30200084C
:10019000E3020008E3020008E3020008E3020008AB
:1001A000E3020008E3020008E3020008E30200089B
:1001B000E3020008E3020008E3020008E30200088B
:1001C000E3020008E3020008E3020008E30200087B
:1001D000E3020008A9820008E3020008E302000825
:1001E000E3020008E3020008E3020008E30200085B
:1001F000E3020008E3020008E3020008E30200084B
:10020000E3020008E3020008E3020008E30200083A
:10021000E3020008E3020008E3020008E30200082A
:10022000E3020008E3020008E3020008E30200081A
:10023000E3020008E3020008E3020008E30200080A
:10024000E3020008E3020008E3020008E3020008FA
:10025000E3020008E3020008E3020008E3020008EA
:10026000E3020008E3020008E3020008E3020008DA
:10027000E3020008E3020008E3020008E3020008CA
:10028000E3020008E3020008E3020008E3020008BA
:10029000E3020008E3020008E3020008E3020008AA
:1002A000E3020008E3020008E3020008E30200089A
:1002B000E3020008E3020008E3020008E30200088A
:1002C000E3020008E3020008E3020008E30200087A
:1002D000E3020008E3020008E3020008E30200086A
:1002E00002E000F000F8FEE772B6374880F30888B5
:1002F000364880F3098836483649086040F20000E5
:10030000CCF200004EF63471CEF200010860BFF36B
:100310004F8FBFF36F8F40F20000C0F2F0004EF637
:100320008851CEF200010860BFF34F8FBFF36F8F8B
:100330004FF00000E1EE100A4EF63C71CEF20001E3
:100340000860062080F31488BFF36F8F07F022FA4D
:1003500006F096FB4FF055301F491B4A91423CBFB7
:1003600041F8040BFAE71D49184A91423CBF41F895
:10037000040BFAE71A491B4A1B4B9A423EBF51F83D
:10038000040B42F8040BF8E700201849184A914280
:100390003CBF41F8040BFAE707F03AFA06F0F4FB29
:1003A000144C154DAC4203DA54F8041B8847F9E7A6
:1003B00000F0C4F9114C124DAC4203DA54F8041B9E
:1003C0008847F9E707F022BA000600200022002043
:1003D0000000000808ED00E00000002000060020FA
:1003E000509D000800220020D8220020D8220020A2
:1003F0009C670020E0020008E0020008E00200081C
:10040000E00200082DE9F04F2DED108AC1F80CD064
:10041000D0F80CD0BDEC108ABDE8F08F002383F338
:1004200011882846A047002006F00CF9FEE706F0E8
:1004300065F800DFFEE7000053B94AB9002908BF9C
:1004400000281CBF4FF0FF314FF0FF3000F074B9AF
:10045000ADF1080C6DE904CE00F006F8DDF804E01B
:10046000DDE9022304B070472DE9F047089D0446FA
:100470008E46002B4DD18A42944669D9B2FA82F257
:1004800052B101FA02F3C2F1200120FA01F10CFA93
:1004900002FC41EA030E94404FEA1C48210CBEFBCB
:1004A000F8F61FFA8CF708FB16E341EA034306FB54
:1004B00007F199420AD91CEB030306F1FF3080F0E3
:1004C0001F81994240F21C81023E63445B1AA4B230
:1004D000B3FBF8F008FB103344EA034400FB07F7D2
:1004E000A7420AD91CEB040400F1FF3380F00A8113
:1004F000A74240F207816444023840EA0640E41B08
:1005000000261DB1D4400023C5E900433146BDE8B3
:10051000F0878B4209D9002D00F0EF800026C5E955
:10052000000130463146BDE8F087B3FA83F6002E6D
:100530004AD18B4202D3824200F2F980841A61EBE5
:10054000030301209E46002DE0D0C5E9004EDDE703
:1005500002B9FFDEB2FA82F2002A40F09280A1EBEB
:100560000C014FEA1C471FFA8CFE0126200CB1FB40
:10057000F7F307FB131140EA01410EFB03F0884239
:1005800008D91CEB010103F1FF3802D2884200F2C6
:10059000CB804346091AA4B2B1FBF7F007FB101158
:1005A00044EA01440EFB00FEA64508D91CEB0404F6
:1005B00000F1FF3102D2A64500F2BB800846A4EB51
:1005C0000E0440EA03409CE7C6F12007B34022FA3C
:1005D00007FC4CEA030C20FA07F401FA06F31C436B
:1005E000F9404FEA1C4900FA06F3B1FBF9F8200C78
:1005F0001FFA8CFE09FB181140EA014108FB0EF0BE
:10060000884202FA06F20BD91CEB010108F1FF3A0D
:1006100080F08880884240F28580A8F10208614419
:10062000091AA4B2B1FBF9F009FB101144EA014127
:1006300000FB0EFE8E4508D91CEB010100F1FF34D2
:100640006CD28E456AD90238614440EA0840A0FB6A
:100650000294A1EB0E01A142C846A64656D353D040
:100660005DB1B3EB080261EB0E0101FA07F722FA64
:1006700006F3F1401F43C5E9007100263146BDE88D
:10068000F087C2F12003D8400CFA02FC21FA03F3F0
:10069000914001434FEA1C471FFA8CFEB3FBF7F071
:1006A00007FB10360B0C43EA064300FB0EF69E4296
:1006B00004FA02F408D91CEB030300F1FF382FD22F
:1006C0009E422DD9023863449B1B89B2B3FBF7F6D7
:1006D00007FB163341EA034106FB0EF38B4208D9B0
:1006E0001CEB010106F1FF3816D28B4214D9023EF1
:1006F0006144C91A46EA004638E72E46284605E70F
:100700000646E3E61846F8E64B45A9D2B9EB0208DF
:1007100064EB0C0E0138A3E74646EAE7204694E76F
:100720004046D1E7D0467BE7023B614432E73046A2
:1007300009E76444023842E7704700BF38B501F06A
:10074000FFF901F0AFFB06F0B1FE054606F0B6FF7B
:100750000446D0B90F4B9D4219D001339D4241F25E
:10076000883504BF01240025002006F0A9FE0CB145
:1007700000F078F801F036FB00F026FD08B100F03B
:1007800071F8284600F01CF9F9E70025ECE705466A
:10079000EAE700BF010007B008B501F09DF9A0F13C
:1007A00020035842584108BD07B541F21203022107
:1007B00001A8ADF8043001F0ADF903B05DF804FB19
:1007C00038B5302383F31188174803680BB106F05E
:1007D0001DF80023154A4FF47A71134806F00CF8FF
:1007E000002383F31188124C236813B12368013B63
:1007F0002360636813B16368013B63600D4D2B7820
:1008000033B963687BB9022001F056FA3223636082
:100810002B78032B07D163682BB9022001F04CFA27
:100820004FF47A73636038BDD8220020C1070008F6
:10083000F8230020F0220020084B187003280CD861
:10084000DFE800F008050208022001F02BBA0220C0
:1008500001F01EBA024B00225A607047F0220020BD
:10086000F8230020F8B5504B504A1C461968013156
:1008700000F0998004339342F8D162684C4B9A425D
:1008800040F291804B4B9B6803F1006303F500330A
:100890009A4280F08880002001F06CF90220FFF776
:1008A000CBFF454B0021D3F8E820C3F8E810D3F87C
:1008B0001021C3F81011D3F81021D3F8EC20C3F89D
:1008C000EC10D3F81421C3F81411D3F81421D3F881
:1008D000F020C3F8F010D3F81821C3F81811D3F89A
:1008E0001821D3F8802042F00062C3F88020D3F8AA
:1008F000802022F00062C3F88020D3F88020D3F853
:10090000802042F00072C3F88020D3F8802022F0CB
:100910000072C3F88020D3F8803072B64FF0E02325
:10092000C3F8084DD4E90004BFF34F8FBFF36F8FB6
:10093000224AC2F88410BFF34F8F536923F48033E7
:100940005361BFF34F8FD2F8803043F6E076C3F3A4
:10095000C905C3F34E335B0103EA060C29464CEA92
:1009600081770139C2F87472F9D2203B13F1200F5C
:10097000F2D1BFF34F8FBFF36F8FBFF34F8FBFF332
:100980006F8F536923F4003353610023C2F8503250
:10099000BFF34F8FBFF36F8F302383F311888546EA
:1009A00080F308882047F8BD0000020820000208F4
:1009B000FFFF0108002200200044025800ED00E083
:1009C0002DE9F04F93B0B44B2022FF2100900AA8EC
:1009D0009D6801F0B1F9B14A1378A3B90121B0487B
:1009E00011700360302383F3118803680BB105F0A5
:1009F0000DFF0023AB4A4FF47A71A94805F0FCFEC5
:100A0000002383F31188009B13B1A74B009A1A604F
:100A1000A64A1378032B03D000231370A24A536015
:100A20004FF0000A009CD3465646D146012001F003
:100A300039F924B19C4B1B68002B00F02682002062
:100A400001F04AF80390039B002BF2DB012001F038
:100A50001FF9039B213B1F2BE8D801A252F823F07A
:100A6000E10A0008090B00089D0B00082D0A000888
:100A70002D0A00082D0A00082F0C0008FF0D0008A1
:100A8000190D00087B0D0008A30D0008C90D000812
:100A90002D0A0008DB0D00082D0A00084D0E000885
:100AA000810B00082D0A0008910E0008ED0A0008CD
:100AB000810B00082D0A00087B0D00082D0A000894
:100AC0002D0A00082D0A00082D0A00082D0A00082A
:100AD0002D0A00082D0A00082D0A00089D0B0008A9
:100AE0000220FFF759FE002840F0F981009B022107
:100AF00005A8BAF1000F08BF1C4641F21233ADF849
:100B0000143001F007F891E74FF47A7000F0E4FF39
:100B1000071EEBDB0220FFF73FFE0028E6D0013F77
:100B2000052F00F2DE81DFE807F0030A0D1013360F
:100B30000523042105A8059300F0ECFF17E004212C
:100B40005548F9E704215A48F6E704215948F3E7E4
:100B50004FF01C08404608F1040801F00DF804218C
:100B6000059005A800F0D6FFB8F12C0FF2D10120B6
:100B70004FF0000900FA07F747EA0B0B5FFA8BFB0F
:100B800001F026F926B10BF00B030B2B08BF002454
:100B9000FFF70AFE4AE704214748CDE7002EA5D01B
:100BA0000BF00B030B2BA1D10220FFF7F5FD07463D
:100BB00000289BD00120002600F0DCFF0220FFF778
:100BC0003BFE1FFA86F8404600F0E4FF0446B0B151
:100BD000039940460136A1F140025142514100F0D3
:100BE000E9FF0028EDD1BA46044641F21213022172
:100BF00005A83E46ADF8143000F08CFF16E72546F8
:100C00000120FFF719FE244B9B68AB4207D9284609
:100C100000F0B2FF013040F067810435F3E70025B2
:100C2000224BBA463E461D701F4B5D60A8E7002E62
:100C30003FF45CAF0BF00B030B2B7FF457AF02209C
:100C4000FFF7FAFD322000F047FFB0F10008FFF691
:100C50004DAF18F003077FF449AF0F4A08EB0503C7
:100C6000926893423FF642AFB8F5807F3FF73EAFC0
:100C7000124BB845019323DD4FF47A7000F02CFF3E
:100C80000390039A002AFFF631AF039A0137019BC4
:100C900003F8012BEDE700BF00220020F423002021
:100CA000D8220020C1070008F8230020F0220020ED
:100CB00004220020082200200C220020F422002020
:100CC000C820FFF769FD074600283FF40FAF1F2D2E
:100CD00011D8C5F120020AAB25F003008449424532
:100CE000184428BF4246019201F000F8019AFF2102
:100CF0007F4801F021F84FEAA803C8F387027C4936
:100D00002846019301F020F8064600283FF46DAF15
:100D1000019B05EB830533E70220FFF73DFD00282B
:100D20003FF4E4AE00F064FF00283FF4DFAE00279C
:100D3000B846704B9B68BB4218D91F2F11D80A9B2D
:100D400001330ED027F0030312AA134453F8203CBA
:100D500005934046042205A9043701F0F9F88046BE
:100D6000E7E7384600F008FF0590F2E7CDF8148079
:100D7000042105A800F0CEFE02E70023642104A8A8
:100D8000049300F0BDFE00287FF4B0AE0220FFF710
:100D900003FD00283FF4AAAE049800F01FFF059061
:100DA000E6E70023642104A8049300F0A9FE0028CC
:100DB0007FF49CAE0220FFF7EFFC00283FF496AED4
:100DC000049800F00DFFEAE70220FFF7E5FC002899
:100DD0003FF48CAE00F01CFFE1E70220FFF7DCFCE3
:100DE00000283FF483AE05A9142000F017FF074642
:100DF0000421049004A800F08DFE3946B9E73220A2
:100E000000F06AFE071EFFF671AEBB077FF46EAE00
:100E1000384A07EB0903926893423FF667AE022017
:100E2000FFF7BAFC00283FF461AE27F003074F44F8
:100E3000B9453FF4A5AE484609F1040900F09CFE0F
:100E40000421059005A800F065FEF1E74FF47A70E3
:100E5000FFF7A2FC00283FF449AE00F0C9FE0028CD
:100E600044D00A9B01330BD008220AA9002000F0CD
:100E70006BFF00283AD02022FF210AA800F05CFF77
:100E8000FFF792FC1C4805F0E3FB13B0BDE8F08FC0
:100E9000002E3FF42BAE0BF00B030B2B7FF426AE92
:100EA0000023642105A8059300F02AFE07460028C8
:100EB0007FF41CAE0220FFF76FFC804600283FF451
:100EC00015AEFFF771FC41F2883005F0C1FB0598C3
:100ED00000F0C6FF46463C4600F07AFFA6E506460F
:100EE0004EE64FF0000901E6BA467EE637467CE65C
:100EF000F422002000220020A0860100704700009C
:100F000070470000704700002DE9F04100F5803780
:100F1000044616463B7C5BB9C0681030204400F0A4
:100F2000E5FEE5683544B5F5004FE56002D816B139
:100F3000BDE8F081DEB905F07F0605F11000002163
:100F4000C6F180062044F6B232462E4400F0F4FE8C
:100F5000A06804F11008324600F10060414600F537
:100F6000003006F04FF830B901233B74E0E74FF44E
:100F700000463546ECE7A26805F1100140463244D0
:100F80002144A260E268521BE26000F0AFFE022042
:100F9000BDE8F04100F090BE183000F0E9BC000060
:100FA00010B5044608F0F2F8204610BD10B504460E
:100FB00008F0ECF8204610BDC3B280B2A3F14102A4
:100FC000052A02D8373800B27047613B052B94BF21
:100FD00057383038F7E70000F8B50446154608469C
:100FE00003220C4900F08CFE014688B908346F1CBE
:100FF00015F91100FFF7E0FF064617F9110001315E
:10100000FFF7DAFF102940EA061004F8010BEFD1D0
:10101000F8BD00BF049300082DE9F04FADF53F7D0A
:101020000746416801222AA802F086FE002840F007
:1010300087800646824681461125DFF80C81DFF85D
:101040000CB101AB4FF4805241462AA802F0D4FF04
:10105000002875D1019AB2F5805F71D8002A65D059
:101060000446019A9442ECD2282D0FD008DC132DAF
:101070002DD01E2D39D0112D13D00134A4B2F0E79C
:10108000322D2DD0372D2FD02D2DF6D13B68121BB0
:1010900008EB040138461B692D259847BDF804402C
:1010A000EBE7121B022A09D9594608EB040000F0AD
:1010B00027FE18B902342825A4B2DEE718F8043058
:1010C0003A2B3DD00A2B1CBFA1461325D5E718F8B3
:1010D00004300A2B34D03A2B04BFA2463225CCE789
:1010E00018F80430202BC8D0264618F804300A2BF4
:1010F0001AD1AAEB090208EB090102A811254F2A0F
:1011000028BF4F2208F0EAF8A21B08EB060116A838
:101110004F2A28BF4F2208F0E1F83B6816AA02A91F
:10112000DB6838469847A8E71E25A6E73B6838469F
:1011300004491B69984701200DF53F7DBDE8F08FFC
:101140000020F9E706940008002400200893000816
:1011500000F1180110B5044686B00846019100F070
:10116000F1FB2046FFF758FF60B1019902A800F09B
:1011700049FC102204F1080102A808F02BF8B0FA8B
:1011800080F0400906B010BD70B504460025EEB2EF
:10119000304600F0FFFC58B100213046013500F028
:1011A00009FD08B9002070BD022000F085FDEEE7C2
:1011B0002046FFF731FF0028F4D004F58034207C6E
:1011C00080F00100EFE70000F0B5C9B006F086F945
:1011D00000F0ECFE18B90025284649B0F0BD69467C
:1011E0002A4802F0CBFF00284BD1294C204602F0C0
:1011F000F5FF284802F0F2FF274802F0EFFF2146F2
:10120000224803F067F80028E5D1702007F0C0FFFE
:10121000064610B1214B44600360336830469B683A
:101220009847054600282ED01A4F1948394603F032
:1012300051F805460028CED1194807F0A9FF044609
:1012400038B1184B4760036000F58033C0E90255A0
:101250001D74236820469B689847054628B10E49AF
:101260000C4803F037F80028B5D1336830465B6886
:1012700098471CB1236820465B68984700F07EFEC3
:10128000AAE70025FAE70446EFE700BF0C93000841
:101290001C93000833930008499300086C930008DE
:1012A00014000100889300082DE9F04FD44A8DB056
:1012B0000B68D0F804A001931A440368D14E1A4475
:1012C000D1F81C90DFF8B4C3DFF8B4B3D0E902342E
:1012D000634003EA0A03634013444A6802920AEB3C
:1012E0007363029CC84A2244C468224484688AEA20
:1012F00004051D40654015448A68039203EB35558B
:10130000039CC24A2244846822448AEA03042C4093
:1013100084EA0A041444CA6805EBF43404921644BF
:1013200083EA0502224056445A4032440E6905962B
:1013300004EBB222059FB64E3E441E4485EA0403E8
:1013400013406B4033444E69069602EB7363069F6D
:10135000B04E3E442E4484EA02051D4065403544AB
:101360008E69079603EB3555079FAB4E3E442644E6
:1013700082EA03042C4054403444A84E4E4405EB0A
:10138000F434164483EA050222405A4032440E6A7D
:10139000089604EBB222089FA14E3E441E4485EA03
:1013A000040313406B4033444E6A099602EB7363A7
:1013B000099F9C4ED1F830E03E44D1F83880F34488
:1013C0002E4484EA02051D40654035448E6AA6F528
:1013D000244703EB35550A964F3F274482EA03041E
:1013E0002C4054403C44CF6A0B9705EBF4340B9EE1
:1013F0008D4F3744029E174483EA050222405A402B
:101400003A448A4F774404EBB2221F4485EA04032E
:1014100013406B403B444F6BBC4402EB7363654429
:1014200084EA020C0CEA030C8CEA040C6544DFF835
:1014300054C2C44403EB3555A44482EA03042C404F
:1014400054406444D1F83CC0794905EBF43461441C
:10145000114483EA050222405A400A44754904EBCC
:10146000B2223144079E194484EA02032B406340B0
:101470000B44714902EBF36331440B9E0D4482EA45
:1014800003012140514029446C4D03EBF151354497
:10149000019E254483EA010414405C402C44684DBD
:1014A00001EBB4443544069E154481EA04021A4017
:1014B0004A402A44634D04EB323235440A9E1D44AF
:1014C00084EA02030B4063402B445F4D02EBF3635D
:1014D0003544059E0D4482EA0301214051402944D0
:1014E0005A4D03EBF1516544254483EA010414404D
:1014F0005C402C44564D01EBB4443544099E1544E0
:1015000081EA04021A404A402A44524D04EB323226
:101510003544049E1D4484EA02030B4063402B447F
:101520004D4D02EBF36345440D4482EA0301214033
:1015300051402944494D03EBF1513544089E2C4458
:1015400083EA010515405D402C44454D01EBB44450
:101550003544039E2A4481EA04051D404D402A4437
:10156000404D04EB32323D442B4484EA020593445F
:101570000D4065402B443C4D02EBF3633544069E21
:10158000294482EA0305254055402944374D03EBA1
:10159000F1514D442C4483EA010515405D4025443A
:1015A00001EBB54581EA050404EA03024A405A44C6
:1015B000A6F5B82B089E05EB3232ABF2BE6B544059
:1015C0005B4423442A4C344402EB33730B9E0C449B
:1015D00085EA020159402144264C344403EB715101
:1015E000029E254482EA03044C402544224C444494
:1015F00001EB3545144483EA01026A40224443E08A
:1016000078A46AD7EECEBDC156B7C7E8DB702024F8
:10161000AF0F7CF52AC68747134630A8019546FDD3
:10162000D8988069AFF7448BBED75C892211906B44
:101630002108B44962251EF640B340C0515A5E26C7
:10164000AAC7B6E95D102FD65314440281E6A1D88B
:10165000C8FBD3E7E6CDE121D60737C3870DD5F424
:10166000ED145A4505E9E3A9F8A3EFFCD9026F6729
:1016700081F6718722619D6D0C38E5FD937198FDAF
:101680008A4C2A8D8E4379A6934C344405EB722202
:10169000059E1C4481EA0503534023448F4C344487
:1016A00002EB33730A9E0C4485EA0201594021443F
:1016B0008B4C4C4403EB7151254482EA03044C40AB
:1016C0002C44884D354401EB3444019E154483EA93
:1016D000010262402A44844D3D4404EB72221D44C1
:1016E00081EA040353402B44804D354402EB3373AD
:1016F000049E294484EA02055D4029447C4D35441A
:1017000003EB7151079E254482EA03044C402C44AC
:10171000784D354401EB3444099E2A4483EA01059F
:1017200065401544744A324404EB7525039E134406
:1017300081EA04026A401A44704B734405EB32722A
:101740000B4484EA0501514019446D4B634402EB9C
:1017500071511C4485EA02034B401C44694B3344DD
:1017600001EB3444019E1D4482EA010363402B4493
:10177000654D04EB73233544069E154463EA01026C
:1017800062402A44614D03EBB2624D4462EA0409AF
:1017900029445F4D89EA0309454449442C445D4D81
:1017A00002EBB1513544049E61EA03081D4488EA06
:1017B0000208444401EB744464EA02034B402B44A6
:1017C000554D04EBF323754463EA010E15448EEA8C
:1017D000040E0EEB0502514D03EBB262354462EA92
:1017E000040E29440A9D8EEA030EA5F580164C4D81
:1017F0007144A6F6833602EBB151264461EA030434
:1018000054403444029E01EB7444354464EA0206B9
:101810001D444E407319089E424D04EBF32335449A
:1018200063EA01061544664072193F4D03EBB2624C
:10183000654462EA040629443C4D5E403144079EFB
:1018400002EBB151354461EA03062C44384D564051
:101850003D443444059E1D4401EB744464EA020394
:101860004B402B44334D04EBF32335440B9E15447E
:1018700063EA010262402A442F4D03EBB262354411
:10188000039E0D4462EA0401594029442B4D02EBAA
:10189000B15135442A4E254461EA030454402C4496
:1018A000099D01EB74442E4464EA02051E4485EA56
:1018B00001039D1903681A440AEB040303EBF523A3
:1018C0000260436083681C44C36819448460C1603B
:1018D0000DB0BDE8F08F00BF44EABEA4A9CFDE4B37
:1018E000604BBBF670BCBFBEC67E9B28FA27A1EA40
:1018F0008530EFD4051D880439D0D4D9E599DBE6CD
:10190000F87CA21F6556ACC4442229F497FF2A43F1
:10191000A72394AB39A093FCC3595B6592CC0C8F81
:10192000D15D84854F7EA86FE0E62CFE144301A3B1
:10193000A111084E827E53F735F23ABDBBD2D72AA9
:1019400091D386EB094B036003F18833436003F1C5
:101950002943A3F59613A3F68B638360A3F1883321
:10196000C3600023C0E90433704700BF012345670B
:101970002DE9F8431446026905460E46E300C2F31A
:10198000C50800F118079B18036122BF43690133A2
:10199000436112F4FC7F436903EB5473436114D039
:1019A000C8F1400907EB08004C4504D22246BDE8C7
:1019B000F84307F01FBC403C4A464E4407F01AFC6F
:1019C000444439462846FFF76FFCA04606EB04095D
:1019D000B8F13F0FA9EB08010AD94022384607F0B9
:1019E00009FC39462846A8F14008FFF75DFCEFE7FF
:1019F000A1096FF03F02384602FB014206EB81115C
:101A0000D5E7000070B50B6901F1180506460C46D4
:101A1000C3F3C503EA18501C8022EA54C3F13F0205
:101A2000072A1FD8002100F087F929462046FFF732
:101A30003BFC38220021284600F07EF92369294624
:101A40002046236563696365FFF72EFC214610225B
:101A5000304607F0CFFB204658220021BDE87040F9
:101A600000F06AB9C3F137020021E5E72DE9F84F2C
:101A70004FF47A7306460D46002402FB03F7DFF8A5
:101A80005080DFF8509098F900305FFA84FA5A1CC1
:101A900001D0A34210D159F824002A4631460368E8
:101AA000D3F820B03B46D847854205D1074B0120EB
:101AB00083F800A0BDE8F88F0134042CE3D14FF483
:101AC000FA7004F0C5FD0020F4E700BF44340020A4
:101AD0001022002014220020002307B50246012115
:101AE0000DF107008DF80730FFF7C0FF20B19DF81A
:101AF000070003B05DF804FB4FF0FF30F9E700008A
:101B00000A46042108B5FFF7B1FF80F00100C0B21A
:101B1000404208BD074B0A4630B41978064B53F8CB
:101B20002140014623682046DD69044BAC4630BCA9
:101B3000604700BF4434002014220020A08601002A
:101B400070B50A4E00240A4D05F000FA308028686E
:101B50003388834208D905F0F5F92B680444013332
:101B6000B4F5003F2B60F2D370BD00BF46340020B7
:101B70000034002005F0B8BA00F1006000F5003034
:101B80000068704700F10060920000F5003005F039
:101B900039BA0000054B1A68054B1B889B1A834213
:101BA00002D9104405F0CEB900207047003400205F
:101BB0004634002038B50446074D29B12868204432
:101BC000BDE8384005F0D6B92868204405F0C0F9D2
:101BD0000028F3D038BD00BF00340020002070473B
:101BE00000F1FF5000F58F10D0F80008704700009A
:101BF000064991F8243033B100230822086A81F89D
:101C00002430FFF7BFBF0120704700BF043400201D
:101C1000014B1868704700BF0010005C194B013879
:101C20000322084470B51D68174BC5F30B042D0C37
:101C30001E88A6420BD15C680A46013C82421346CC
:101C40000FD214F9016F4EB102F8016BF6E7013AB9
:101C500003F10803ECD181420B4602D22C2203F897
:101C6000012B0424094A1688AE4204D1984284BF4D
:101C7000967803F8016B013C02F10402F3D1581A83
:101C800070BD00BF0010005C24220020C893000833
:101C9000022803D1024B4FF080529A61704700BF77
:101CA00000100258022803D1024B4FF480529A616F
:101CB000704700BF00100258022804D1024A53693D
:101CC00083F48053536170470010025870B5044686
:101CD0004FF47A764CB1412C254628BF412506FBAE
:101CE00005F0641B04F0B4FCF4E770BD002310B5EC
:101CF000934203D0CC5CC4540133F9E710BD00001B
:101D0000013810B510F9013F3BB191F900409C42F8
:101D100003D11AB10131013AF4E71AB191F9002067
:101D2000981A10BD1046FCE703460246D01A12F975
:101D3000011B0029FAD1704702440346934202D0A6
:101D400003F8011BFAE770472DE9F8431F4D1446CD
:101D50000746884695F8242052BBDFF870909CB364
:101D600095F824302BB92022FF2148462F62FFF737
:101D7000E3FF95F824004146C0F1080205EB80001E
:101D8000A24228BF2246D6B29200FFF7AFFF95F8D5
:101D90002430A41B17441E449044E4B2F6B2082E2B
:101DA00085F82460DBD1FFF723FF0028D7D108E0B6
:101DB0002B6A03EB82038342CFD0FFF719FF002881
:101DC000CBD10020BDE8F8830120FBE704340020DC
:101DD000024B1A78024B1A70704700BF443400203F
:101DE00010220020F8B5194C194803F039FF21469C
:101DF000174803F061FF24684FF47A70154ED4F849
:101E00009020154DD2F80438114F43F00203C2F868
:101E10000438FFF75BFF2046104904F05BF8D4F864
:101E200090200424D2F8043823F00203C2F80438C6
:101E30004FF4E133336055F8040BB84202D0314619
:101E400003F06CFE013CF6D1F8BD00BFC89B000852
:101E5000784900202C34002014220020D09B000858
:101E60000C4B70B50C4D04461E780C4B55F82620D3
:101E70009A420DD00A4B002118221846FFF75CFF4A
:101E80000460014655F82600BDE8704003F046BEE8
:101E900070BD00BF44340020142200207849002087
:101EA0002C340020F0B5A1B071B60023012000242D
:101EB00080261A46194602F07DFD4FF4D067214A6C
:101EC0003D25136923BBD2F810310BBB036804F125
:101ED000006199600368C3F80CD003685E60036812
:101EE0001F6001680B6843F001030B6001680B6819
:101EF00023F01E030B6001680B68DB07FCD4037B37
:101F00008034416805FA03F3B4F5001F0B60D8D1A3
:101F100002F090FDB4F5001F11D000240A4E0B4DC5
:101F2000012005F0E1F83388A34205D92868204450
:101F3000013405F01FF8F6E7002005F0D5F861B68A
:101F400021B0F0BD002000524634002000340020B3
:101F500030B50A44084D91420DD011F8013B58406C
:101F6000082340F30004013B2C4013F0FF0384EAF4
:101F70005000F6D1EFE730BD2083B8ED10B5084C26
:101F800001220849002001F0B3FE23783BB1064846
:101F900003F03CFD044803F06FFD0023237010BDE7
:101FA00048340020D8930008283700201D482DE928
:101FB000F041036D2BB901224FF48051503005F0F0
:101FC000CFFA194E33780BB1FFF7D8FF0324174F20
:101FD0004FF00008134D15492846C7F8048003F058
:101FE0003DFD284603F076FB48B1013C284603F04E
:101FF00043FD14F0FF04EED1204634700FE00C498D
:1020000001220C4801F074FE014618B1284603F085
:10201000FDFCEAE7084800F011F801203070BDE847
:10202000F08100BF28370020483400203C220020E7
:10203000D89300084C340020DC9300080FB4002033
:1020400004B07047006870470346006859687047DD
:102050000B0A017043700B0C090E8370C17070473E
:10206000110A027003714170110C120E8170C2705E
:102070001A0A42711A0C1B0E8271C371704700005C
:10208000C36A0239023B8B4283BF4389006C01FB68
:102090000300002070470000C2F307238A76CB7646
:1020A0000378032B01BF120C0A75120A4A75704798
:1020B00000F10B010022D30143EA520310F8012B77
:1020C00052FA83F38842DAB2F5D110467047000025
:1020D00010B5417804460020013102464901022A28
:1020E00016BFA35C032203EBC03302F101021EBF43
:1020F0009BB203EB500398B29142F0D810BD0000A0
:1021000002684AB1134613F8011B1F290DD93A2959
:10211000F9D1911C8B4202D04FF0FF3070471278FA
:10212000302AF9D1036000207047014B18787047BE
:102130009836002038B50D46044618B9092000230A
:102140002B6038BD0368002BF8D01A78002AF5D030
:102150008188DA889142F1D1587804F015FC10F0AA
:102160000100EBD12368EBE738B50D4640F2523160
:10217000144602F0B9F9FF2807D9012C0BD9030A3C
:10218000022468702B70204638BD30B1002CFAD084
:1021900001242870F7E70024F5E70446F3E7000080
:1021A0002DE9F8430026D0F8008005460C468E76CF
:1021B000836B002B4AD098F80030042B4BD1334668
:1021C0003546402720E0B7F5187F80F0C480F90637
:1021D00006F1010608BF0237D05B02372BB900F5C4
:1021E000205292B2B2F5006F0DD305F11A01C5F17C
:1021F000FF0240EA03402144FFF7B6FF002800F049
:10220000AA80054400200346D8F8102092F8231035
:10221000B142D8D8002B40F09E80002D00F09B806A
:1022200000232544AB766373D8F81020137903F0AC
:102230003701DB0621730BD402F13800FFF704FFEE
:10224000C4E9000193896381D3892381BDE8F883C0
:1022500000200146F4E7C36C01335ED1EA6B002332
:102260002E26551E184615F8011F013020290CD0C6
:10227000052908BFE521092804D10B2B9EBFE718CB
:1022800001337E73E718013379730B28EBD1E11822
:1022900000204873A17E00294BD1002B40D06FF065
:1022A0000C0604F10D000825361B331810F8011B2D
:1022B000002938D02E298BB24AD0A3F14101192927
:1022C00003D8117B0D4200D020330373EDE7B9F141
:1022D000000F05D100F520539BB2B3F5006F0BD36F
:1022E00007F11A01C7F1FF0240EA09402144FFF754
:1022F0003BFF48B10744002002368146D8F80C3035
:10230000985B0028E3D13846B9F1000F4FF0000286
:1023100018BF002023189A76A0E7B1463746EDE7AC
:102320003F23A3760123234400219976137B03B92D
:102330006373D37A02F11C0003F03F03237300237D
:10234000FFF780FE20606360D38A6381138B7CE794
:1023500010250B46B9E73F230125A37660E700006F
:1023600038B50546002435F8020B08B9204638BDBB
:1023700002F0EEF86308C2B203EBC43312FA83F33F
:102380009AB2C0F3072303EB520303EBC2339CB2B0
:10239000E9E7000037B5C37804461BB90025284695
:1023A00003B030BD00F14C01826C012340780191F3
:1023B00004F010FB054680B9A36BE070A06C226BA3
:1023C000C31A9342EAD2A3780199022BE6D10244C0
:1023D0000123607804F0FEFAE1E70125DFE7000061
:1023E00038B5836C05460C468B4210D0FFF7D2FF00
:1023F00060B92246012305F14C01687804F0C6FA61
:1024000000281CBF4FF0FF340120AC6438BD002011
:10241000FCE7000038B500230446C3704FF0FF33DB
:102420008364FFF7DDFF00284BD1B4F84A524AF627
:1024300055239D4207D10B22254904F14C0006F09B
:10244000C9FE00283FD094F84C30EB2B03D0183352
:10245000DBB2012B2ED84AF655239D4206D1082225
:102460001C4904F19E0006F0B5FE48B3B4F857309D
:10247000B3F5007F1ED194F85930DBB15A1E1A42D1
:1024800018D1B4F85A30ABB194F85C30013B012B51
:1024900010D8B4F85D306BB1B4F85F307F2B06D83C
:1024A00004F16C00FFF7CEFDB0F5803F02D3B4F825
:1024B000623053B94AF6552085420CBF02200320F2
:1024C00038BD0420FCE70120FAE70020F8E700BF50
:1024D000089400081494000802392DE9F04701F02F
:1024E00007044FF0010A466C05460AFA04F4174641
:1024F000984606EB1136C1F3C809E4B231462846C6
:102500000136FFF76DFF18B10120BDE8F08799464D
:1025100005EB090292F84C30234214BF012100213F
:10252000414513D06340013F82F84C3085F803A049
:10253000EBD0640014F0FF04EAD109F10103012497
:102540004FF00009B3F5007FE1D1D7E70220DCE7C7
:1025500001290246F8B50C4640F28C800668F36A01
:102560008B4240F287803378013B032B00F282805C
:10257000DFE803F00229384B04EB5405B16B304619
:1025800001EB5521FFF72CFF10B14FF0FF30F8BDE4
:102590006F1CC5F30805B16B3046354401EB57217C
:1025A00095F84C50FFF71CFF0028EED1C7F3080741
:1025B000E3073E4496F84C0045EA00204CBF000972
:1025C000C0F30B00E3E7B16B304601EB1421FFF7DA
:1025D00007FF0028D9D1640004F4FF742644B6F83C
:1025E0004C00D4E7B16B304601EBD411FFF7F8FE95
:1025F0000028CAD1A40006F14C0004F4FE74204463
:10260000FFF720FD20F07040C1E7D0E90430D57914
:1026100053EA000101D0916801B95DBB9168022DB8
:10262000A4EB01010DD1013B728940F1FF305B0A3F
:1026300043EAC053B3FBF2F399421BD81CD0601C91
:10264000A5E7032D02D193698B42F8D8D3699BB9D2
:10265000B16B304601EBD411FFF7C2FE002894D1D4
:10266000A0004C3600F4FE703044FFF7EBFC20F085
:1026700000408CE701208AE76FF0004087E7000008
:10268000F8B5066804460D463378042B0CBF4FF0AE
:1026900080524FF400128A4201D80220F8BDCA06C7
:1026A000FBD182680163D2B9022B13D83389B3EB13
:1026B000551FF2D9F36BA363A36B6263002BECD0BD
:1026C00003EB55234C36C5F308050020A3633544BE
:1026D000E563E3E7F36BC271002BE7D01A46778915
:1026E0007F02BD42114604D23046FFF7C9FCA06309
:1026F000E2E72046FFF72CFF431C024606D00128E4
:10270000CBD9F36A8342C8D9ED1BEAE70120C5E7BC
:1027100001292DE9F04706460C46174608D9C36A39
:102720008B4205D90378022B62D003D8012B22D02B
:10273000022552E0033B012BFAD8816B01EBD41147
:10274000FFF74EFE0546002847D1A40006F14C03D2
:1027500004F4FE741C443378042B07D0204627F081
:102760007047FFF76FFC00F0704007433946204682
:10277000FFF76EFC2FE001EB5108816B01EB582154
:10278000FFF72EFE054640BB14F0010406F14C098C
:1027900008F1010AC8F3080808BFFBB230461FBFA2
:1027A00019F8083003F00F023B0103F0F00318BFE3
:1027B000134309F808300123B16BF37001EB5A2180
:1027C000FFF70EFE054640B9CAF3080A44B1C7F345
:1027D000071709F80A700123F3702846BDE8F0874F
:1027E00019F80A30C7F3032723F00F031F43F0E75C
:1027F000816B01EB1421FFF7F3FD05460028ECD1B6
:10280000640006F14C0304F4FF741F551919C7F353
:1028100007274F70DFE70000F8B504460E4617465D
:10282000E3690BB91846F8BD012BA6EB0305206838
:1028300014BFAA1C3A46691CFFF76AFF0028F2D1B0
:10284000E369013BE361EBE701292DE9F843064623
:102850000C461746056802D80220BDE8F883EB6AEB
:102860008B42F9D97AB9A14621463046A046FFF7F6
:102870006FFE0446B0B92B78042B02D1002F43D150
:10288000F7710020E9E72B78042B02D1C379022BE2
:10289000E9D04FF0FF3239462846FFF739FF0028CC
:1028A000E1D0DAE70128D7D0421C01D10120D4E7DA
:1028B0002B78042B19D1EA6AAB69023A93421CD3F4
:1028C00008F10102A2420CD02B78042B08D100237E
:1028D000A2EB090249462846FFF7FEFD0028BCD1BD
:1028E000A146EB6AA342BFD8C5E70022414628466D
:1028F000FFF70EFF0028DED0AFE70133AB612B7985
:1029000043F001032B71DBE7F3798BB9B468BC4268
:1029100002D10223F371B4E721463046FFF718FED7
:10292000012899D9431CC1D001348442EFD0A8E7D3
:10293000032BA6D1B368BB42A3D8B2691344BB42F0
:102940009FD3E6E770B5C3790446032B06D18168AF
:102950008369CD18A94203D10023E371002070BD23
:102960004E1C20683246FFF7D3FE0028F7D13146CF
:10297000F0E700002DE9F74305460191FFF70AFD56
:102980000446002849D105F14C09019928464FF425
:102990000072FFF775FB2146A86407464846FFF71B
:1029A000CBF96C896402B4F5004F28BF4FF40044A2
:1029B000B4F5007F2FD9204604F076FC804630B174
:1029C00022460021640A0026FFF7B6F909E06408F0
:1029D000EEE72346BA194146687803F0FBFF18B9C1
:1029E00026446B899E42F4D3404604F06DFC68890E
:1029F000801B18BF012003B0BDE8F08301366B894E
:102A00009E42F4D20123BA194946687803F0E2FFE6
:102A10000028F3D0EBE70026F1E70120EBE7000008
:102A2000F8B50446FFF7B6FC0546002842D12378E6
:102A3000032B37D12779012F34D104F14C060146FD
:102A40004FF400723046FFF777F955234122722187
:102A500084F84A32AA2304F50D7084F84F2084F8D4
:102A60004B32522384F8301284F84C3084F84D30C5
:102A7000612384F8311284F84E3084F83332A1692E
:102A800084F83222FFF7E4FA616904F50E70FFF76B
:102A9000DFFA626B3B46314601326078A26403F094
:102AA00099FF257100226078114603F0B7FF0038C6
:102AB00018BF0120F8BD000000232DE9F0430B6092
:102AC00085B00F461546FFF71BFB061EC0F2B2810C
:102AD000804B53F82640002C00F0AE813C6005F09E
:102AE000FE0523786BB1607803F04EFFC70708D46A
:102AF0001DB110F0040500D00A25284605B0BDE838
:102B0000F0830023F0B22370607003F029FFC10747
:102B100000F194810DB14207EED400212046FFF769
:102B200079FC022840F099806E4604F2122304F2E8
:102B30005221324618461033FFF784FA42F8040B4C
:102B40008B42F7D1002556F8041B00297DD0204682
:102B5000FFF760FC012879D80128A26C40F0C08002
:102B600004F1570304F18C0113F8015B002D7BD1B4
:102B70008B42F9D1B4F8B430B3F5807F74D194F8B6
:102B8000B830092B70D104F19400FFF75DFA4FF0D3
:102B9000FF33171841F10001BB4275EB010363D30A
:102BA00004F1A000FFF74EFA94F8BA302063012B2D
:102BB000A37059D194F8B99003FA09F91FFA89F36F
:102BC0006381002B50D0444B04F1A800FFF73AFA80
:102BD0000646984248D8831C626304F1A400E3626D
:102BE000FFF730FA00EB020804F19C00C4F84080C3
:102BF000FFF728FA10441FFA89F2A06306FB02F3DC
:102C000013EB080345EB05029F4271EB02032BD344
:102C10002E4604F1AC00FFF715FAE06365B963894D
:102C2000B34221D9E16B2046FFF72AFA81192046E9
:102C3000FFF7D6FB98B90136631993F84C30812B16
:102C400014D02035C5F30805E8E703200135042D2D
:102C50007FF479AF042807D101E0042801D10125D0
:102C60004BE701287FF678AF0D2546E705F1140004
:102C700004F14C063044FFF7E5F901280546F3D985
:102C8000E36A8342F0D96189821E236C02FB01331F
:102C90006364A16B204601EBD511FFF7A1FB00286F
:102CA000DDD105F07F0006EB8000FFF7CBF9431C78
:102CB00003D00135A842ECD0D6E70425C4E90500CD
:102CC000064A257000251388E56101339BB2138005
:102CD000E38012E79C360020FDFFFF7FA036002036
:102CE000B4F85730B3F5007FBED1B4F8626026B9AE
:102CF00004F17000FFF7A6F9064694F85C302663ED
:102D0000591EA3700129AFD894F859506581002D40
:102D1000AAD0691E2942A7D1B4F85D8018F00F0F20
:102D2000A4F80880A0D1B4F85F0018B904F16C00D1
:102D3000FFF788F9B4F85A10002995D006FB03FE76
:102D400001EB181CF44460458ED3A0EB0C00A842A4
:102D5000B0FBF5F388D33E48834285D84FF6F57033
:102D600083426DD903259F1C114402EB0C03032DF4
:102D7000E7626263A16323644CD1B4F8763053EA0E
:102D800008037FF471AFBB0004F17800FFF75AF934
:102D9000E06303F2FF13B6EB532FFFF465AF4FF080
:102DA000FF33032DC4E905334FF08003237187D12E
:102DB000B4F87C30012B83D1511C2046FFF710FB67
:102DC00000287FF47DAFB4F84A224AF655232071DB
:102DD0009A427FF475AF1F4B04F14C00FFF732F9B4
:102DE00098427FF46DAF03F1FF5304F50C70FFF7C9
:102DF00029F903F50053203398427FF461AF04F5BD
:102E00000D70FFF71FF9A06104F50E70FFF71AF9B6
:102E1000606155E7B8F1000F3FF426AF7144022D11
:102E20004FEA4703E1631EBFD91907F0010303EB23
:102E30005103AEE70B2560E60C255EE603255CE654
:102E400040F6F575AB428CBF022501258BE700BF2C
:102E5000F5FFFF0F525261412DE9F84F0746056813
:102E6000884649B96E69C6B1EB6AB34298BF01267C
:102E7000AB69A3B9002405E0FFF76AFB012804460B
:102E800003D801242046BDE8F88F421C00F0D28010
:102E9000EB6A8342F6D84646EAE70126E8E72A7855
:102EA000EB6A042A40F08380A6F1020A023B4FF04D
:102EB000010B9A4528BF4FF0000AD146696C28469D
:102EC00001EB1931FFF78CFA00283BD109F0070319
:102ED000EA6AC9F3C8010BFA03F3901EDBB26A1861
:102EE0004C4609F1010992F84C20814502EA03029F
:102EF00033BF5B0000234FF40071DBB228BF99465B
:102F0000B2B90234631E0333BCD8012321462846DC
:102F10001A46FFF7E1FA0228B3D0012800F08A80B0
:102F2000B8F1000F13D10223FB710028A9D130E0C2
:102F3000CA450AD0002BD2D10131B1F5007FBDD2F4
:102F40000123CCE74FF0FF34DCE70024DAE7FB791C
:102F5000022B07D1731CA342E7D0BB68F31ABB61F5
:102F60000323FB7108F10102FB69A24205D113B1F1
:102F70000133FB61D9E70223FBE70BB90123FB61B6
:102F8000224641463846FFF747FC00284FD101232F
:102F9000FB61EA6AAB69023A6C6193429CBF03F140
:102FA000FF33AB612B7943F001032B716AE7464590
:102FB00014D1741C3846A34298BF02242146FFF75F
:102FC000C7FA01283FF45DAF431C33D0E0B16B6911
:102FD000012B03D9EA6A934238BF1E4634460134B6
:102FE000EB6AA34203D8012E7FF644AF02242146A8
:102FF0003846FFF7ADFA48B101283FF442AF01303F
:1030000018D0B442EBD135E7002CE7D04FF0FF32B7
:1030100021462846FFF77CFB48B9B8F1000FB8D02D
:10302000224641462846FFF773FB0028B1D001280D
:103030007FF427AF4FF0FF3424E700002DE9F84379
:1030400006680446076B894633782037042B0CBF8B
:103050004FF080534FF40013BB429CBF00238363A7
:10306000836B73B1C7F30808B8F1000F3CD101338B
:10307000416B836339B93389B3EB571F34D80023CD
:10308000A36304200AE07389013B13EA57232BD181
:10309000FFF75EFA0128054602D80220BDE8F88352
:1030A000421C01D10120F9E7F36A834216D8B9F135
:1030B000000FE4D0616B2046FFF7CEFE0546C8B195
:1030C0000128EAD0431CEDD001463046FFF752FC00
:1030D0000028E7D1E37943F00403E3712946304641
:1030E0006563FEF7CDFFA0634C360020276346449E
:1030F000E663D3E70720D1E7F8B50E460021044682
:103100000768FFF7BDFA98B90546A16B3846FFF787
:1031100067F968B93A78E36B042A1B780CD11B066F
:103120000ED5054601212046FFF788FF0028ECD088
:10313000042808BF072006E0E52B01D0002BF0D1C2
:103140000135B542EED1F8BDC16C4B1C2DE9F04103
:1031500004460568066B1FD1E5274FF00108A16BF7
:103160002846FFF73DF998B92A78E36B042A09BF8E
:103170001A781F7002F07F021A7085F80380236BA3
:10318000B3420DD200212046FFF758FF0028E6D0B9
:10319000042808BF022003E0FFF772FA0028DBD002
:1031A000BDE8F0812DE9F04105460068A96B06698C
:1031B000FFF716F9044620B9EB6B1A78852A03D07D
:1031C00002242046BDE8F081324603F1200153F885
:1031D000040B8B4242F8040BF9D1777801377F0159
:1031E000A7F16003B3F5007FEAD800212846FFF776
:1031F00025FF04280446E3D00028E2D1A96B286803
:10320000FFF7EEF804460028DBD1EB6B1A78C02AF2
:10321000D6D106F1200203F1200153F8040B8B42B2
:1032200042F8040BF9D196F823300F222C33B3FB6C
:10323000F2F3B7EB431FC3D34FF0400800212846F9
:10324000FFF7FCFE04280446BAD00028B9D1A96BC8
:103250002868FFF7C5F804460028B2D1EB6B1A784E
:10326000C12AADD1B8F5187F09D206EB080203F1E7
:10327000200153F8040B8B4242F8040BF9D108F1FA
:1032800020084745DAD8B8F5187F9AD83046FEF7B7
:103290001FFF7388834294D092E700000B680022DE
:1032A00010B5036004460B6A83604B6AC261C37148
:1032B00023F0FF03896AC0E90432C164FFF7E0F933
:1032C00020B92046BDE81040FFF76CBF10BD0000DC
:1032D000F8B50368054601271C692046FEF7F8FE8D
:1032E000A070000A6678E0702846E96CFFF7C8F91C
:1032F00020B1022828BF0220C0B2F8BDA96B2868FF
:10330000FFF76EF80028F4D1EB6B04F1200254F8BB
:10331000041B944243F8041BF9D12B68DF70002E84
:10332000E7D000212846013EFFF788FEE0E70000D5
:103330002DE9F8434FF0FF08064607680424454688
:103340004FF6FF79B16B11B9002C73D063E03846AA
:10335000FFF746F8044600285DD1F06B0378002B98
:103360006ED03A78042A11D1852B4DD1336B30467B
:10337000F364FFF717FF044600284CD13B691B7923
:1033800003F03F03B3712046BDE8F883C27AE52B12
:1033900002F03F02B27143D02E2B41D022F0200127
:1033A00008293DD00F2A40D1590637D503F0BF0573
:1033B000336B90F80D80F364437B434530D1428BEF
:1033C00072BB03780D21FC6823F04003DFF874E042
:1033D000013B4B4301211EF801CB30F80CC009B36F
:1033E000FF2B1DD824F813C06146013301320D2A8A
:1033F000F1D10278520605D521B1FF2B10D8002259
:1034000024F81320013DEDB200213046FFF716FEEF
:103410000446002896D00023B363B4E7AB42CBD078
:10342000FF25F1E7CC45E1D0FAE72DB9FEF740FEE4
:10343000404501D10024A6E74FF0FF33F364A2E733
:103440000424E8E7B09400082DE9F04F002187B08C
:103450000446D0F80090FFF713F9804670B999F848
:103460000030042B33D1D9F80C00FEF779FF074662
:103470002046FFF75DFF054620B18046404607B075
:10348000BDE8F08FD9F810309A8CBA42F0D193F899
:1034900023B040265D4506D1D9F80C3033F81530FD
:1034A000002BE5D1EAE7F106D9F8103008BF023663
:1034B000985B01F04DF8D9F80C30824633F81500CE
:1034C00001F046F88245D3D102360135E2E74FF0EC
:1034D000FF0A4FF0FF3B5546C4F84CB0A16B48467D
:1034E000FEF77EFF00285CD1E66B3778002F77D09F
:1034F000F27AE52F02F03F03A37103D0120704D53F
:103500000F2B04D0C4F84CB04FE00F2B54D194F8DB
:103510004B3058063FD4790645D5236B07F0BF07DB
:1035200096F80DA0E364737B53453ED1738B002B5B
:103530003BD135780121D9F80C3005F03F050193D6
:103540000D23013D5D43284B13F8012BB25A71B393
:10355000FF2D059329D81046049200F0F9FF6B1C4B
:1035600003900293019B33F8150000F0F1FF0399DB
:1035700081421AD1049A029D1146059B1B4A93422F
:10358000E2D133785A0604D519B1019B33F81530CE
:103590005BB97D1EEDB200212046FFF74FFD0028EC
:1035A0009CD080466AE7BD42BDD0FF25F3E74FF6C9
:1035B000FF708242E2D0F8E72DB93046FEF778FD81
:1035C00050453FF45BAF94F84B30DB079AD40B22A5
:1035D00004F14001304605F0FDFD002892D14DE791
:1035E0004FF004084AE700BFB0940008BD940008FB
:1035F0002DE9F04F90F84BB099B004461BF0A005B0
:1036000040F068810668F26832F81530002B4AD124
:103610003378042B40F087800F230E352046B5FB0E
:10362000F3F5A91CFFF768FD8146002877D1236BCD
:103630000135A3EB4515E3795A07E56435D523F049
:1036400004032046E371FFF77DF950BB4FF0FF32D2
:10365000616B2046FFF7E0F818BBA3682BB3214647
:1036600004A8FFF71BFEE0B970894FF40071D4E99C
:103670000423E0FB01233069C4E904233830FEF75A
:10368000EFFC3069D4E904232830FEF7E9FCE37944
:10369000326904A843F0010382F82130FFF718FED5
:1036A00018B181463BE00135AEE7D6E9035440222C
:1036B00000212046FEF740FB852301214022237094
:1036C000C0234FF0C10C04EB010884F82030002324
:1036D0001E469E46571C04F802C0F0B2023204F89F
:1036E00007E021B135F8131009B10133DBB20F0A3D
:1036F000A15408F802700232D706F2D135F81370DF
:103700000136002FE6D184F82330831C28466370ED
:10371000FEF726FE84F82400000A84F825004846B7
:1037200019B0BDE8F08F04F140070DF1100A1BF04D
:10373000010F97E807008AE8070000F0D3804023D4
:103740004FF0010884F84B30BC46F368B8F1050F20
:103750009AE80700ACE803002CF8022B4FEA12426B
:103760008CF8002059D9981E424630F8021F0029D3
:1037700042D10DF10F0C072102F00F0E91461209F4
:103780000EF13000392888BF0EF1370001390CF8EE
:10379000010902D0B9F10F0FEED818AB7E205A18EC
:1037A00002F8580C38460022914206D010F801CB9E
:1037B00002F1010EBCF1200F31D104F13F0C0729B9
:1037C00002F1010297BF18AB20205818013198BFB1
:1037D00010F8580C072A0CF80200F0D92046FFF721
:1037E00033FE8146002878D108F10108B8F1640F52
:1037F000AAD14FF0070992E74FF0100C01F0010E2B
:1038000049080EEB4202D30344BF82F4883282F0AF
:103810002102BCF1010CF1D1A7E74246A9E77246AB
:10382000C2E7216B2046A1EB4511FEF729FF814637
:1038300000287FF474AF4FF6FF783846FEF738FC67
:103840000190A16B3046FEF7CBFD814600287FF446
:1038500066AFE36BE9B2019A4FF00D0CD6F80CE0BD
:103860005A734FF00F02DFF8E0A0DA724A1E1873A5
:103870000CFB02F284469876D87640451AF8019BF4
:103880000CF1010C18BF3EF8120003EB090B18BF36
:10389000013203F809004FEA1029002808BF40460A
:1038A000BCF10D0F8BF80190E7D1404502D03EF8F6
:1038B00012200AB941F0400119700123002120466D
:1038C000F370FFF7BBFB814600287FF428AF013D72
:1038D000B7D11BE04FF0060921E704287FF41FAFA2
:1038E00084F84BB01BF0020F20461BBF0C350D2196
:1038F0000125B5FBF1F518BF01352946FFF7FCFBA3
:10390000814600287FF40BAF013D8AD1A16B304680
:10391000FEF766FD814600287FF401AF01462022B4
:10392000E06BFEF709FAE36B03CF18605960BA78D1
:1039300039889A72198194F84B30E26B03F01803BE
:1039400013730123F370EAE6B094000810B504463F
:103950000A463430FEF776FB886004F13800FEF743
:1039600073FBC2E9040194F8213003F00203D37120
:103970000023D36110BD000003284B8B04BF8A8A4B
:1039800043EA0243184670472DE9F04F0B7899B08F
:10399000044689462F2BD0F800B001D05C2B09D10A
:1039A0004A461378914601322F2BFAD05C2BF8D07F
:1039B000002301E0DBF81C30A3600023E3619BF8E7
:1039C0000030042B1ED1A368E3B1DBF82030214680
:1039D00004A82362DBF824306362DBF82830A3629A
:1039E000FFF75CFC0346002854D1DBF8102002F1FD
:1039F0003800FEF727FBC4E9040392F8213003F0F6
:103A00000203E37199F800301F2B00F23581802307
:103A10000021204684F84B3019B0BDE8F04FFEF786
:103A20002FBE49460B78894601312F2BFAD05C2BEB
:103A3000F8D01F2B8CBF00250425012F2FD1138810
:103A40002E2B31D1002322F8173004F140029F427F
:103A50008CBF2E21202101330B2B02F8011BF6D144
:103A600045F02005204684F84B50FFF7EDFC94F814
:103A70004B30002800F0E78004280BD1990603F0B2
:103A8000040240F1DC80002A00F0F6808023002050
:103A900084F84B3019B0BDE8F08F0425CDE7022F34
:103AA00002D153882E2BCAD0911E87BB002322F847
:103AB0001730002F00F0118132F81300194601333E
:103AC0002028F9D009B92E2801D145F00305901E10
:103AD00030F817302E2B01D0013FF9D14FF02033B1
:103AE0004FF0000A6364D0462364C4F847300823CB
:103AF000481C32F811600090F6B1202E03D02E2E13
:103B00000DD1B84210D045F003050099F0E731F827
:103B10001730202B01D02E2BC8D1013FC5E79A4585
:103B200005D20099B9423BD10B2B30D101E00B2BD0
:103B300027D145F003050B2394F84020E52A04BF64
:103B4000052284F84020082B04BF4FEA88085FFA5A
:103B500088F808F00C030C2B03D008F00303032BA8
:103B600001D145F00205A8073FF57CAF18F0010F21
:103B700018BF45F0100518F0040F18BF45F00805F0
:103B800070E70099B94202D045F00305D4D84FEA56
:103B900088080B234FF0080A00975FFA88F8B4E70B
:103BA0007F2E15D9304640F25231CDE9022345F03F
:103BB0000203019300F098FC10F0800F0646DDE947
:103BC000022316D000F07F0646498E5D019D46B364
:103BD00031464548CDE9012305F06AFBDDE90123C3
:103BE000F8B9A6F1410189B219291ED848F0020896
:103BF00010E0FF28EAD9591E8A4503D345F0030592
:103C00009A4682E704EB0A01000A0AF1010A019DC3
:103C100081F8400004EB0A010AF1010A81F84060D2
:103C200073E745F003055F26F4E7A6F1610189B269
:103C300019299EBF203E48F00108B6B2EAE7002AE3
:103C400008BF052026E75A073FF524AFA379DB0616
:103C500045D59BF80000042835D1A3682146E279B8
:103C600023622369DBF8100023F0FF031343636230
:103C7000E36CA362FFF76AFE23680027DA6819F88D
:103C8000010B00283FF409AF40F25231009200F0DE
:103C90004BFC054608B31F28009A7FF6FEAE2F287E
:103CA0003FF4BFAE5C283FF4BCAE7F2805D8014688
:103CB0000E4805F0FDFA009A78B9FF2F0DD022F8D2
:103CC00017500137DBE7216B0BF14C03C1F30801FF
:103CD0001944FFF751FEA060CEE70620DAE6052082
:103CE000D8E600BF3094000829940008209400080A
:103CF0001FB5CDE9001003A814460391FEF700FAA2
:103D0000002815DB0B4A52F820300BB10021197046
:103D1000019B0BB10021197042F820302CB1002218
:103D200001A96846FEF7C8FE0446204604B010BD4F
:103D30000B24FAE79C3600202DE9F04798B0904616
:103D400005460191002800F0528102F03F0603A9C8
:103D500001A83246FEF7B0FE002840F04681039BE2
:103D60004FF48C60049303F09FFA0746002800F09C
:103D70004081039B00F500720199D86004A81A6184
:103D8000FFF702FE044620B99DF95B30002BB8BF57
:103D9000062418F01C0F00F0CD80002C4CD0042C11
:103DA00040D104A8FFF724FC044600283AD146F08D
:103DB0000806039B1A78042A40F083801869294674
:103DC0002B60FFF7C3FD039B1E2200211869023000
:103DD000FDF7B2FF039C00211A2220692630FDF76F
:103DE000ABFF236920221A71246903F097FA014678
:103DF000012208342046FEF72BF9039B04A81B6917
:103E000083F82120FFF764FA044658B9A96801B382
:103E100002462846FEF718FDAB68039A0446013BAC
:103E20005361B4B1384603F04FFA0CB100232B6054
:103E3000204618B0BDE8F0879DF8163013F0110F3A
:103E400040F0848018F0040F40F0C98018F0080F8B
:103E5000AFD1039A31071399936C48BF46F04006DF
:103E6000E964AB641078042872D1069B9DF81710A2
:103E70002B62089B106923F0FF030B4329466B62FA
:103E8000179BAB62FFF762FDDDF80CA00024002257
:103E900005F15008BAF8063021464046C5F800A0A2
:103EA000AB80002385F8306085F831406C64C5E94B
:103EB0000E234FF40072FDF73FFFB20653D40024E7
:103EC000B0E703F02BFA0146009013980E30FEF78E
:103ED000BFF8139800991630FEF7BAF8039C1399AF
:103EE0002078FFF749FD202300228046CB72204630
:103EF0001399FEF7D1F8139B002201211A775A7704
:103F00009A77DA77039BD970B8F1000FA1D04146B8
:103F100004A8D3F84890FEF797FC0446002881D106
:103F200049460398FEF75CFA039B044608F1FF300C
:103F3000586176E7002C7FF475AF9DF81630DC06EB
:103F40004FD418F0020F84D0D80782D5072469E730
:103F5000FFF712FD0023A86001F11C00FEF772F8C4
:103F60006B61286190E7D5E9046956EA0903A6D098
:103F7000BAF80AA0A9684FEA4A2AC5E90E69B2450B
:103F800074EB09031BD300242964002C7FF44AAF8F
:103F9000C6F30803002B92D0039C2046FEF770F86E
:103FA00008B3760A0123414646EAC95682196A6473
:103FB000607802F0EBFC041E18BF012432E72846AB
:103FC000FEF7C6FAB6EB0A06014669F100090128B8
:103FD00003D9431CD3D10124D6E70224D4E7082413
:103FE00020E704241EE702241CE704461EE70924F8
:103FF0001EE711241CE700002DE9F04F994685B01B
:104000000023884603A90446C9F800301646FEF787
:1040100091F8054680BB94F831506DBB94F8303070
:1040200013F00103009300F0A68004F1500AD4E9D4
:104030000432D4E90E011B1A62EB0102B34272F1A1
:10404000000238BF1E46BEB1D4E90E10C1F308030A
:10405000002B40F08280039B5A894B0A013A43EAC5
:10406000C0531A401BD151EA000309D1A0680128AE
:104070000DD8022584F83150284605B0BDE8F08FF0
:10408000216C20460192FEF763FA019AEFE7431C88
:1040900004D10123009D84F83130EDE72064DDF880
:1040A0000CB0216C5846FDF7EBFF0028E1D0B6F5C7
:1040B000007F02EB000731D3BBF80A1002EB562059
:1040C000730A88429BF8010088BF8B1A3A46414622
:1040D000019302F05BFC0028DBD194F93020019BB6
:1040E000002A0BDA606CC01B984207D24FF40072B2
:1040F000514608EB4020FDF7F9FD019B5F02D9F81E
:104100000030F61BB8443B44C9F80030D4E90E3205
:10411000DB1942F10002C4E90E3294E7626CBA4244
:104120001AD094F93030002B0DDA012351469BF858
:10413000010002F04FFC0028ABD194F8303003F0BE
:104140007F0384F83030039801233A465146407883
:1041500002F01CFC00289CD16764A16B4046C1F3AF
:104160000801C1F500775144B74228BF37463A46A7
:10417000FDF7BCFDC3E707257EE7000070B596B0EC
:104180000E460022019002A901A8FEF795FC044604
:10419000E0B94FF48C6003F087F80546D8B1029B74
:1041A00000F500720199D86002A81A61FFF7ECFBD4
:1041B000044640B99DF95330002B0ADB1EB131464D
:1041C00002A8FDF7EDFF284603F07EF8204616B062
:1041D00070BD0624F7E71124F8E7000070B5B8B009
:1041E0000222019003A901A8FEF766FC044608BB61
:1041F000039B4FF48C60109303F056F8054600289B
:1042000066D0039B00F500720199D86010A81A616E
:10421000FFF7BAFB044650B99DF88B30980655D489
:10422000190653D49DF84630DA0706D507242846E8
:1042300003F04AF8204638B070BD039B0493187809
:10424000042814D104A91869FFF780FB069E9DF885
:104250004630DB0610D410A8FEF776FF044600288F
:10426000E5D156BB0398FEF7DBFB0446DFE71F9959
:10427000FFF782FB0646EAE7039BDA69B242D5D034
:1042800024930021269624A81B78042B01BFDDE986
:104290000823CDE928239DF817308DF89730FEF7D5
:1042A000EFF904460028C2D124A8FFF741F80446DC
:1042B0000028BBD00428BAD1CDE70246314604A875
:1042C000FEF7C2FA04460028B1D1CBE70624AEE7D8
:1042D0001124AFE7F0B5BDB0CDE900106846FDF799
:1042E0000FFF022203A901A8FEF7E6FB04460028FF
:1042F00041D1039B4FF48C60149302F0D5FF054627
:10430000002800F0EE80039B00F5007214AE0199C6
:10431000D8601A613046FFF737FB044640BB9DF872
:104320009B3013F0A00F40F0D880039B009F1A78B9
:10433000042A68D11B6904AC03F1400C18680833E7
:1043400053F8041C2246634503C21446F6D150229A
:10435000314628A8FDF7CAFC394628A8FFF714FB08
:10436000044600284CD12A9A169B9A4206D008246B
:10437000284602F0A9FF20463DB0F0BD349A209BAC
:104380009A42F4D128A8FFF733F904460028EFD168
:10439000039B04AF1B6993F801E093F823C09C8C46
:1043A0003A46083303CAB24243F8080C43F8041CE7
:1043B0001746F5D1039B28A81B6983F801E0039BEE
:1043C0001A6982F823C01A6982F82440240A82F804
:1043D00025401A691379D9065CBF43F02003137195
:1043E000FEF776FF04460028C2D13046FEF7ACFE49
:1043F00004460028BCD10398FEF712FB0446B7E739
:104400000428B5D1BEE7239A04AB02F1200C106852
:10441000083252F8041C1C46624503C42346F6D1F8
:104420005022314628A8FDF761FC394628A8FFF73D
:10443000ABFA044600284CD12A9A169B9A4296D190
:10444000349A209B9A4292D128A8FFF7D1F80446CB
:1044500000288DD137990DF11D030DF12D0001F1CB
:104460000D0253F8044B834242F8044BF9D11888EB
:10447000012710809B7893709DF81B30039CDA060F
:1044800058BF43F02003CB72E770CB7ADB06ACD584
:10449000169A2A9B9A42A8D02078FFF76DFA014617
:1044A0002046FDF7EDFD0146C8B12046FDF798FF17
:1044B000044600287FF45CAF039890F86D302E2BF3
:1044C00093D12A9A00F16C01FDF7E6FD039BDF70A2
:1044D0008BE704287FF44CAFB6E7062448E70224B4
:1044E00046E7112447E700007F2810B501D880B2C5
:1044F00010BDB0F5803F13D240F2523399420FD134
:104500000849002231F8024B93B2844203D103F1EF
:104510008000C0B2ECE70132802AF3D11346F6E7FF
:104520000020E5E7709700087F280DD940F252334C
:10453000994208D1FF2806D800F10040034B80388B
:1045400033F8100070470020704700BF70970008D4
:10455000B0F5803FF0B522D21F4A83B21F49B0F5B3
:10456000805F28BF0A46141D34F8042C2146AAB1E6
:10457000934213D334F8025C2E0AEFB252FA85F557
:10458000A84222DA082E09D8DFE806F0050A101240
:104590001416181A1C00801A34F810301846F0BD92
:1045A000981A00F001001B1A9BB2F7E7103BFBE7DB
:1045B000203BF9E7303BF7E71A3BF5E70833F3E731
:1045C000503BF1E7A3F5E353EEE70434002ECBD1E3
:1045D00001EB4702C7E700BFC0940008B49600088B
:1045E00008B5074B074A196801F03D019960536807
:1045F0000BB190689847BDE8084003F0A1B800BF30
:1046000000000240A436002008B5084B196889094B
:1046100001F03D018A019A60054AD3680BB1106927
:104620009847BDE8084003F08BB800BF0000024087
:10463000A436002008B5084B1968090C01F03D01AB
:104640000A049A60054A53690BB190699847BDE81E
:10465000084003F075B800BF00000240A4360020F7
:1046600008B5084B1968890D01F03D018A059A606B
:10467000054AD3690BB1106A9847BDE8084003F0BA
:104680005FB800BF00000240A436002008B5074B09
:10469000074A596801F03D01D960536A0BB1906A2D
:1046A0009847BDE8084003F04BB800BF0000024047
:1046B000A436002008B5084B5968890901F03D016E
:1046C0008A01DA60054AD36A0BB1106B9847BDE8DE
:1046D000084003F035B800BF00000240A4360020B7
:1046E00008B5084B5968090C01F03D010A04DA606D
:1046F000054A536B0BB1906B9847BDE8084003F037
:104700001FB800BF00000240A436002008B5084BC7
:104710005968890D01F03D018A05DA60054AD36BBD
:104720000BB1106C9847BDE8084003F009B800BF12
:1047300000000240A436002008B5074B074A19685C
:1047400001F03D019960536C0BB1906C9847BDE846
:10475000084002F0F5BF00BF00040240A43600206C
:1047600008B5084B1968890901F03D018A019A6072
:10477000054AD36C0BB1106D9847BDE8084002F0B4
:10478000DFBF00BF00040240A436002008B5084B7C
:104790001968090C01F03D010A049A60054A536D3D
:1047A0000BB1906D9847BDE8084002F0C9BF00BF4B
:1047B00000040240A436002008B5084B1968890D92
:1047C00001F03D018A059A60054AD36D0BB1106E68
:1047D0009847BDE8084002F0B3BF00BF00040240A4
:1047E000A436002008B5074B074A596801F03D017F
:1047F000D960536E0BB1906E9847BDE8084002F047
:104800009FBF00BF00040240A436002008B5084B3B
:104810005968890901F03D018A01DA60054AD36EC1
:104820000BB1106F9847BDE8084002F089BF00BF88
:1048300000040240A436002008B5084B5968090C52
:1048400001F03D010A04DA60054A536F0BB1906F25
:104850009847BDE8084002F073BF00BF0004024063
:10486000A436002008B5084B5968890D01F03D01B8
:104870008A05DA60054AD36F13B1D2F880009847F1
:10488000BDE8084002F05CBF00040240A4360020EE
:1048900000230C4910B51A460B4C0B6054F823004A
:1048A000026001EB430004334260402BF6D1074A1B
:1048B0004FF0FF339360D360C2F80834C2F80C3471
:1048C00010BD00BFA4360020709800080000024010
:1048D0000F28F8B510D9102810D0112811D012289F
:1048E00008D10F240720DFF8C8E00126DEF80050C9
:1048F000A04208D9002653E00446F4E70F24002024
:10490000F1E70724FBE706FA00F73D424AD1264CBF
:104910004FEA001C3D4304EB00160EEBC000CEF83E
:104920000050C0E90123FBB273B12048D0F8D83061
:1049300043F00103C0F8D830D0F8003143F0010350
:10494000C0F80031D0F8003117F47F4F0ED017486F
:10495000D0F8D83043F00203C0F8D830D0F8003196
:1049600043F00203C0F80031D0F8003154F80C00D5
:10497000036823F01F030360056815F00105FBD1F0
:1049800004EB0C033D2493F80CC05F6804FA0CF4AC
:104990003C6021240560446112B1987B00F0D0FC9A
:1049A0003046F8BD0130A3E7709800080044025873
:1049B000A436002010B5302484F31188FFF788FF57
:1049C000002383F3118810BD10B50446807B00F0EE
:1049D000CDFC01231549627B03FA02F20B6823EA3E
:1049E0000203DAB20B6072B9114AD2F8D81021F082
:1049F0000101C2F8D810D2F8001121F00101C2F86B
:104A00000011D2F8002113F47F4F0ED1084BD3F8D8
:104A1000D82022F00202C3F8D820D3F8002122F0D7
:104A20000202C3F80021D3F8003110BDA4360020E3
:104A30000044025808B5302383F31188FFF7C4FF00
:104A4000002383F3118808BD084BC26A994228BF2E
:104A50001946836C50688B4210B506D95A1E4C001B
:104A600002EB4103B3FBF4F3184410BD20BCBE00BD
:104A700001F001038A0748BF43F002034A0748BF19
:104A800043F008030A0748BF43F00403CA0648BFBF
:104A900043F010038A06426B48BF43F020031343E0
:104AA0004363704710B5074C204600F0CBFF064B20
:104AB0000022C4E91023054BA364054BE363054BB7
:104AC000E36410BD283700200070005200B4C40415
:104AD0007C3700207C390020C36A0BB9104BC362BD
:104AE0000379012B11D10F4B98420ED10E4BD3F805
:104AF000D42042F48032C3F8D420D3F8FC2042F40E
:104B00008032C3F8FC20D3F8FC30436C00221A65D5
:104B1000DA621A605A605A624FF0FF329A63704745
:104B20007099000828370020004402580379012BAF
:104B30001BD0436C00221A65DA621A605A605A620E
:104B40004FF0FF329A63094B98420ED1084BD3F8CD
:104B5000D42022F48032C3F8D420D3F8FC2022F4ED
:104B60008032C3F8FC20D3F8FC307047283700208F
:104B70000044025810B5446C0649FFF765FF6060B9
:104B8000236842F2107043F003032360BDE8104035
:104B900001F05EBD801A06000129F8B5466C0B4F86
:104BA00009D175680A493D40FFF74EFF054345F4BA
:104BB00080557560F8BD746806493C40FFF744FFB6
:104BC000044344F480547460F4E700BF00ECFFFF3A
:104BD00080F0FA0240787D01436C00225A601A602E
:104BE00070470000426C0129536823F4404304D00D
:104BF000022905D001B95360704743F48043FAE7B6
:104C000043F40043F7E70000436C41F480519A609D
:104C1000D9605A6B1206FCD580229A637047000057
:104C200010B541F48851446CA260E160616B11F0F1
:104C30004502FBD0A26311F0040203D0FFF718FF76
:104C4000012010BD616910461960FAE710B541F402
:104C50008851446CA260E160616B11F04502FBD0A9
:104C6000A26311F0050203D0FFF702FF012010BD7F
:104C7000616910461960FAE773B5134604460E469B
:104C8000302282F31188426CD26B32B14FF0FF3187
:104C90004030019301F0E8FC019B606C002202654A
:104CA000C263C262456B15F4807504D185F3118827
:104CB000012002B070BD4FF0FF31816382F3118893
:104CC000012E06D90C21204602B0BDE87040FFF746
:104CD000BDBF1046EDE7000073B5446C0E460025DD
:104CE0000192616BA1632565E562FFF7C1FE012EAC
:104CF00007D9019B2A460C2102B0BDE87040FFF79E
:104D0000A5BF02B070BD000010B541F49851446CCD
:104D1000A260E160616B11F04502FBD0A26311F06B
:104D20003F0203D0FFF7A4FE012010BD216A104608
:104D30001960E1695960A16999606169D960F4E716
:104D40002DE9F74304460191006D01A917469846E5
:104D500002F01EFC064600284AD0626C2046DDF8B0
:104D600004905568C5F3090501356B00A56CB5FBCA
:104D7000F3F54FF47A73B5FBF3F55D43556200F03C
:104D800027FE50BB636C4FF0FF3201254146C3F84C
:104D9000589020461D659A634FF49572DA6342F28B
:104DA00007029F62DA62E36C0A9AFFF74FFFA0B92D
:104DB000E26C104B11680B407BB929462046FFF787
:104DC0005BFF054648B92E463A460199206D02F030
:104DD00017FC304603B0BDE8F0833A460199206DD8
:104DE00002F00EFCE26C01212046FFF775FFF0E7B0
:104DF0000126EEE708E0FFFD2DE9F7431F46436C6F
:104E000001924FF47A725D6804468846C5F309053D
:104E100001356E00856CB5FBF6F5B5FBF2F5554333
:104E20005D6200F0D5FD20B10125284603B0BDE844
:104E3000F0837E0201A9206D324602F0A9FB0546EF
:104E40000028F1D0636C019AD4F84C909A65012245
:104E50001A654FF0FF329A634FF49572DA639E62DF
:104E6000236BDB064B4658BF4FEA4828012F4246CA
:104E70001BD912212046FFF7E9FEC0B9D9F800205E
:104E8000104B13409BB9636C42F2930239462046A3
:104E9000DA62E26CFFF7F0FE804640B932460199D3
:104EA000206D454602F0ACFBBFE71121E2E7324638
:104EB0000199206D02F0A4FBE26C39462046FFF711
:104EC0000BFFB2E708E0FFFD2DE9F3411F46436CFD
:104ED00001924FF47A725D6804468846C5F309056D
:104EE00001356E00856CB5FBF6F5B5FBF2F5554363
:104EF0005D6200F06DFD20B10125284602B0BDE8DD
:104F0000F0817E0201A9206D324602F087FB054642
:104F10000028F1D0636C019A9A6501221A654FF05E
:104F2000FF329A634FF48D72DA639E62236BE66CF4
:104F3000DB06334658BF4FEA4828012F424619D9AD
:104F400019212046FFF782FEB0B932680F4B13409B
:104F500093B9636C42F2910239462046DA62E26C00
:104F6000FFF78AFE064638B901993546206D02F0F2
:104F700091FBC2E71821E4E70199206D02F08AFB5A
:104F8000E26C39462046FFF7A7FEB6E708E0FFFDD2
:104F900012F0030F2DE9F04107460C4615461E4658
:104FA00017D00E44B44202D10020BDE8F0810123A5
:104FB000FA6B21463846FFF71FFF0028F5D1284637
:104FC0004FF40072F96B05F500750134FCF78EFEA5
:104FD000E8E7BDE8F041FFF70FBF000012F0030F54
:104FE0002DE9F04107460C4615461E4617D00E44E3
:104FF000B44202D10020BDE8F08129464FF400728E
:10500000F86B05F50075FCF771FE0123FA6B21467C
:105010003846FFF759FF0028EDD10134E8E7BDE835
:10502000F041FFF751BF000000207047302310B55A
:1050300083F311880024436C40302146DC6301F087
:1050400021FB84F3118810BD02684368114301609D
:1050500003B1184770470000024A136843F0C003C9
:105060001360704700440040024A136843F0C003D5
:105070001360704700480040024A136843F0C003C1
:105080001360704700780040064BD3F8E8200243D5
:10509000C3F8E820D3F810211043C3F81001D3F867
:1050A000103170470044025837B5274C274D204631
:1050B00000F028FD04F11400009400234FF4007266
:1050C000234900F0C3F94FF40072224904F138007B
:1050D0000094214B00F03CFA204BC4E91735204CDA
:1050E000204600F00FFD04F11400009400234FF45B
:1050F00000721C4900F0AAF94FF400721A4904F139
:1051000038000094194B00F023FA194BC4E9173505
:10511000184C204600F0F6FC04F1140000234FF474
:1051200000721549009400F091F9144B4FF400728D
:10513000134904F13800009400F00AFA114BC4E955
:10514000173503B030BD00BF8039002000E1F50500
:10515000C43A0020C44000205950000800440040D8
:10516000EC390020C43C0020C442002069500008F3
:1051700000480040583A0020C43E00207950000802
:10518000C44400200078004038B5264D0446037C16
:10519000002918BF0D46012B06D1234B984230D170
:1051A0004FF40030FFF770FF2A68236EE16D03EBC8
:1051B0005203A566B3FBF2F36A68100442BF23F002
:1051C000070003F0070343EA4003CB60AB6843F0FA
:1051D00040034B60EB6843F001038B6042F496732D
:1051E00043F001030B604FF0FF330B62510505D50F
:1051F00012F0102211D0B2F1805F10D084F8643028
:1052000038BD0A4B984205D0094B9842CCD14FF09B
:105210008040C7E74FF48020C4E77F23EEE73F23B9
:10522000ECE700BF7899000880390020EC390020B5
:10523000583A00202DE9F047C66D05463768F469F5
:10524000210734621AD014F0080118BF4FF480719E
:10525000E20748BF41F02001A3074FF0300348BFE9
:1052600041F04001600748BF41F0800183F311889D
:10527000281DFFF7E9FE002383F31188E2050AD514
:10528000302383F311884FF48061281DFFF7DCFE83
:10529000002383F311884FF030094FF0000A14F017
:1052A000200838D13B0616D54FF0300905F1380AF1
:1052B000200610D589F31188504600F07DF90028AA
:1052C00036DA0821281DFFF7BFFE27F08003336080
:1052D000002383F31188790614D5620612D5302392
:1052E00083F31188D5E913239A4208D12B6C33B18B
:1052F00027F040071021281DFFF7A6FE3760002386
:1053000083F31188E30618D5AA6E1369ABB150690F
:10531000BDE8F047184789F31188736A284695F865
:105320006410194000F008FC8AF31188F469B6E7AC
:10533000B06288F31188F469BAE7BDE8F08700002D
:10534000090100F16043012203F56143C9B283F80A
:10535000001300F01F039A4043099B0003F16043D0
:1053600003F56143C3F880211A60704700F01F0302
:1053700001229A40430900F160409B0000F5614022
:1053800003F1604303F56143C3F88020C3F8802133
:10539000002380F800337047F8B51546826804464C
:1053A0000B46AA4200D28568A1692669761AB542E1
:1053B0000BD218462A46FCF799FCA3692B44A3613B
:1053C0002846A3685B1BA360F8BD0CD9AF1B184629
:1053D0003246FCF78BFC3A46E1683044FCF786FC29
:1053E000E3683B44EBE718462A46FCF77FFCE3689A
:1053F000E5E7000083689342F7B50446154600D2FE
:105400008568D4E90460361AB5420BD22A46FCF707
:105410006DFC63692B4463612846A3685B1BA36032
:1054200003B0F0BD0DD93246AF1B0191FCF75EFC15
:1054300001993A46E0683144FCF758FCE3683B4484
:10544000E9E72A46FCF752FCE368E4E710B50A44B2
:105450000024C361029B8460C16002610362C0E9F1
:105460000000C0E9051110BD08B5D0E9053293422E
:1054700001D1826882B98268013282605A1C42611D
:1054800019700021D0E904329A4224BFC3684361F5
:1054900001F012F9002008BD4FF0FF30FBE70000DB
:1054A00070B5302304460E4683F31188A568A5B174
:1054B000A368A269013BA360531CA361157822690C
:1054C000934224BFE368A361E3690BB12046984788
:1054D000002383F31188284607E03146204601F077
:1054E000DBF80028E2DA85F3118870BD2DE9F74F6B
:1054F00004460E4617469846D0F81C904FF0300AE6
:105500008AF311884FF0000B154665B12A463146E3
:105510002046FFF741FF034660B94146204601F0AF
:10552000BBF80028F1D0002383F31188781B03B067
:10553000BDE8F08FB9F1000F03D001902046C847B5
:10554000019B8BF31188ED1A1E448AF31188DCE766
:10555000C160C361009B82600362C0E90511114410
:10556000C0E9000001617047F8B504460D461646D3
:10557000302383F31188A768A7B1A368013BA36018
:1055800063695A1C62611D70D4E904329A4224BFD7
:10559000E3686361E3690BB120469847002080F31C
:1055A000118807E03146204601F076F80028E2DA5B
:1055B00087F31188F8BD0000D0E9052310B59A42A1
:1055C00001D182687AB982680021013282605A1C56
:1055D00082611C7803699A4224BFC368836101F029
:1055E0006BF8204610BD4FF0FF30FBE72DE9F74F79
:1055F00004460E4617469846D0F81C904FF0300AE5
:105600008AF311884FF0000B154665B12A463146E2
:105610002046FFF7EFFE034660B94146204601F001
:105620003BF80028F1D0002383F31188781B03B0E6
:10563000BDE8F08FB9F1000F03D001902046C847B4
:10564000019B8BF31188ED1A1E448AF31188DCE765
:105650000379052B05BF836A002001204B6004BF3E
:105660004FF400730B60704770B55D1E866A044688
:105670000D44B54205D9436B43F0800343630120D9
:1056800070BD06250571FFF783FC05232371F7E73D
:1056900070B55D1E866A04460D44B54205D9436B5C
:1056A00043F080034363012070BD07250571FFF7B8
:1056B00095FC05232371F7E738B505790446052DD8
:1056C00005D108230371FFF7AFFC257138BD012018
:1056D000FCE700000323F0B5037185B00446FFF733
:1056E00049FA002220461146FFF78EFA4FF4D57290
:1056F00003AB08212046FFF7A9FA0246B8B90123F7
:105700002363039BC3F30323012B09D103AB37218D
:105710002046FFF79BFA18B9A44B039A1340ABB18C
:1057200020460125FFF758FA0223237137E103AB26
:10573000002237212046FFF789FA28B99B4A039BAC
:105740001A40002A00F0A78002232363236B03F092
:105750000F03022B40F0A9806425954E42F2107091
:1057600000F076FF03AB324601212046FFF758FADE
:105770000028D5D1039B002B80F293805A0003D5DB
:10578000236B43F010032363002204F1080302217A
:105790002046FFF7B9FA02460028C1D104F13803C8
:1057A00003212046FFF752FA0028B9D104F1180569
:1057B000A26B092120462B46FFF7A6FA0028AFD19D
:1057C00002ABA26B07212046FFF740FA06460028ED
:1057D000A6D1236B03F00F03022B40F08F807E22B3
:1057E0007F21284603F01AFA012840F28780E76BF0
:1057F00042F2107000F02CFF08234FF4007239467B
:1058000020460096FFF79CFA002889D1384603F01D
:1058100053FA236BA06203F00F03022B72D103AB88
:10582000644A06212046FFF711FA002871D15F492A
:10583000039B1940B1FA81F149092046FFF7ACF901
:1058400002AB4FF4007210212046FFF7FFF9054626
:1058500000287FF465AF554E029B33427FF460AF62
:10586000236B13F00E0F03F00F0273D0022A7FF4A4
:1058700057AFE36A1978012900F09480022900F0FB
:105880009380002900F089804B4F2046FFF7AAF94A
:1058900003AB3A4676E0114620462263FFF7B4F99F
:1058A00054E7013D7FF45AAF3AE7444D6426444A39
:1058B0003E4F012B18BF154603AB0022372120466F
:1058C000FFF7C4F900287FF42BAF039B3B427FF422
:1058D00027AF03AB2A4629212046FFF7A1F900286C
:1058E0007FF41EAF039B002BFFF648AF013E3FF451
:1058F00017AF42F2107000F0ABFEDDE7284603F070
:10590000AFF986E77E227F212846E66B03F086F911
:1059100008B9002191E70023402231462046009338
:105920000623FFF70DFA0028F3D1B3895BBA9B0772
:10593000EFD5244B40223146204600930623FFF743
:10594000FFF90028E5D1317C01F00F010F3918BFB4
:10595000012172E7E36A1978F9B101297FF4E0AE19
:105960002046FFF73FF903ABA26B37212046FFF734
:105970006DF900287FF4D4AE039B33427FF4D0AEA0
:1059800003AB022206212046FFF760F900287FF4CE
:10599000C7AE039B33427FF4C3AE05232371284671
:1059A00005B0F0BD084F70E7084F6EE708E0FFFD57
:1059B0000080FFC00001B9030000B7030080FF5062
:1059C00000001080F1FFFF800001B7030002B70361
:1059D00037B504460C4D01ABA26B0D212046FFF7F5
:1059E00035F978B9019B2B420BD1C3F34323042B28
:1059F00008D0053B022B04D84FF47A7000F028FE43
:105A0000E9E7012003B030BD08E0FFFD70B53023A9
:105A1000054683F3118803790024022B03D184F314
:105A20001188204670BD0423037184F31188022677
:105A3000FFF7CEFF04462846FFF7CEF82E71F0E7B9
:105A4000FFF730B8044B0360012303710023436365
:105A5000C0E90A33704700BF9099000810B53023A1
:105A6000044683F31188C162FFF736F80223002051
:105A7000237180F3118810BD10B53023044683F3E1
:105A80001188FFF753F800230122E362227183F3A8
:105A9000118810BD026843681143016003B11847C3
:105AA000704700001430FFF721BD00004FF0FF33B6
:105AB0001430FFF71BBD00003830FFF797BD000022
:105AC0004FF0FF333830FFF791BD00001430FFF77F
:105AD000E7BC00004FF0FF311430FFF7E1BC0000DD
:105AE0003830FFF741BD00004FF0FF323830FFF78C
:105AF0003BBD0000012914BF6FF013000020704768
:105B0000FFF7D2BA044B036000234360C0E90233BD
:105B100001230374704700BFB499000810B5302307
:105B2000044683F31188FFF72FFB02230020237420
:105B300080F3118810BD000038B5C36904460D46D6
:105B40001BB904210844FFF7A5FF294604F11400FE
:105B5000FFF78AFC002806DA201D4FF40061BDE83B
:105B60003840FFF797BF38BD0268436811430160B2
:105B700003B118477047000013B5406B00F580541F
:105B8000D4F8A4381A681178042914D1017C0229A8
:105B900011D11979012312898B4013420BD101A92C
:105BA0004C3002F069FFD4F8A4480246019B2179E9
:105BB000206800F0DFF902B010BD0000143002F0E0
:105BC000EBBE00004FF0FF33143002F0E5BE0000E2
:105BD0004C3002F0BDBF00004FF0FF334C3002F0FC
:105BE000B7BF0000143002F0B9BE00004FF0FF3123
:105BF000143002F0B3BE00004C3002F089BF000048
:105C00004FF0FF324C3002F083BF0000002070479D
:105C100010B500F58054D4F8A4381A681178042916
:105C200017D1017C022914D15979012352898B4063
:105C300013420ED1143002F04BFE024648B1D4F8A4
:105C4000A4484FF4407361792068BDE8104000F02B
:105C50007FB910BD406BFFF7DBBF0000704700004D
:105C60007FB5124B0125042604460360002305740A
:105C700000F1840243602946C0E902330C4B0290D4
:105C8000143001934FF44073009602F0FDFD094B70
:105C900004F69442294604F14C000294CDE90063D5
:105CA0004FF4407302F0C4FE04B070BDDC990008EC
:105CB000555C0008795B00080A68302383F311887B
:105CC0000B790B3342F823004B79133342F823004E
:105CD0008B7913B10B3342F8230000F58053C3F8DE
:105CE000A41802230374002080F311887047000079
:105CF00038B5037F044613B190F85430ABB9012591
:105D0000201D0221FFF730FF04F114006FF00101A4
:105D1000257700F0DDFC04F14C0084F854506FF05E
:105D20000101BDE8384000F0D3BC38BD10B50121F9
:105D300004460430FFF718FF0023237784F854301B
:105D400010BD000038B504460025143002F0B4FD43
:105D500004F14C00257702F083FE201D84F8545096
:105D60000121FFF701FF2046BDE83840FFF750BF93
:105D700090F8803003F06003202B06D190F881204A
:105D80000023212A03D81F2A06D800207047222A80
:105D9000FBD1C0E91D3303E0034A42670722826753
:105DA000C3670120704700BF4422002037B500F5CB
:105DB0008055D5F8A4381A68117804291AD1017CC5
:105DC000022917D11979012312898B40134211D16D
:105DD00000F14C04204602F003FF58B101A920460F
:105DE00002F04AFED5F8A4480246019B21792068BA
:105DF00000F0C0F803B030BD01F10B03F0B550F86E
:105E0000236085B004460D46FEB1302383F311882C
:105E100004EB8507301D0821FFF7A6FEFB6806F19D
:105E20004C005B691B681BB1019002F033FE0198C6
:105E300003A902F021FE024648B1039B29462046F1
:105E400000F098F8002383F3118805B0F0BDFB68DB
:105E50005A691268002AF5D01B8A013B1340F1D120
:105E600004F18002EAE70000133138B550F8214010
:105E7000ECB1302383F3118804F58053D3F8A428C0
:105E80001368527903EB8203DB689B695D6845B157
:105E900004216018FFF768FE294604F1140002F09F
:105EA00021FD2046FFF7B4FE002383F3118838BD9F
:105EB0007047000001F042BD01234022002110B5CF
:105EC000044600F8303BFBF737FF0023C4E90133F9
:105ED00010BD000010B53023044683F3118824223E
:105EE000416000210C30FBF727FF204601F048FD00
:105EF00002230020237080F3118810BD70B500EBE1
:105F00008103054650690E461446DA6018B1102226
:105F10000021FBF711FFA06918B110220021FBF747
:105F20000BFF31462846BDE8704001F02FBE00004F
:105F300083682022002103F0011310B5044683601A
:105F40001030FBF7F9FE2046BDE8104001F0AABE74
:105F5000F0B4012500EB810447898D40E4683D439E
:105F6000A469458123600023A2606360F0BC01F056
:105F7000C7BE0000F0B4012500EB810407898D4005
:105F8000E4683D436469058123600023A260636087
:105F9000F0BC01F03DBF000070B5022300250446AF
:105FA000242203702946C0F888500C3040F8045C65
:105FB000FBF7C2FE204684F8705001F07BFD636859
:105FC0001B6823B129462046BDE87040184770BDC4
:105FD0000378052B10B504460AD080F88C300523D1
:105FE000037043681B680BB1042198470023A3602A
:105FF00010BD00000178052906D190F88C20436877
:1060000002701B6803B118477047000070B590F824
:106010007030044613B1002380F8703004F1800220
:10602000204601F063FE63689B68B3B994F8803042
:1060300013F0600535D00021204602F055F900210B
:10604000204602F045F963681B6813B1062120461B
:106050009847062384F8703070BD20469847002882
:10606000E4D0B4F88630A26F9A4288BFA36794F94F
:106070008030A56F002B4FF0300380F20381002D9C
:1060800000F0F280092284F8702083F31188002147
:106090002046D4E91D23FFF76DFF002383F3118809
:1060A000DAE794F8812003F07F0343EA022340F209
:1060B0000232934200F0C58021D8B3F5807F48D0EA
:1060C0000DD8012B3FD0022B00F09380002BB2D1D2
:1060D00004F1880262670222A267E367C1E7B3F5B1
:1060E000817F00F09B80B3F5407FA4D194F882308B
:1060F000012BA0D1B4F8883043F0020332E0B3F5AD
:10610000006F4DD017D8B3F5A06F31D0A3F5C063A1
:10611000012B90D86368204694F882205E6894F83A
:106120008310B4F88430B047002884D04368636794
:106130000368A3671AE0B3F5106F36D040F6024249
:1061400093427FF478AF5C4B63670223A36700231D
:10615000C3E794F88230012B7FF46DAFB4F8883038
:1061600023F00203A4F88830C4E91D55E56778E7F9
:10617000B4F88030B3F5A06F0ED194F88230204689
:1061800084F88A3001F0F4FC63681B6813B10121C4
:1061900020469847032323700023C4E91D339CE75E
:1061A00004F18B0363670123C3E72378042B10D129
:1061B000302383F311882046FFF7BAFE85F3118858
:1061C0000321636884F88B5021701B680BB1204653
:1061D000984794F88230002BDED084F88B3004236B
:1061E000237063681B68002BD6D002212046984795
:1061F000D2E794F8843020461D0603F00F010AD53B
:1062000001F066FD012804D002287FF414AF2B4B67
:106210009AE72B4B98E701F04DFDF3E794F88230B5
:10622000002B7FF408AF94F8843013F00F01B3D043
:106230001A06204602D502F06FF8ADE702F060F8CA
:10624000AAE794F88230002B7FF4F5AE94F88430FE
:1062500013F00F01A0D01B06204602D502F044F82F
:106260009AE702F035F897E7142284F8702083F358
:1062700011882B462A4629462046FFF769FE85F3FA
:106280001188E9E65DB1152284F8702083F3118846
:1062900000212046D4E91D23FFF75AFEFDE60B221C
:1062A00084F8702083F311882B462A46294620461D
:1062B000FFF760FEE3E700BF0C9A0008049A0008AD
:1062C000089A000838B590F870300446002B3ED08C
:1062D000063BDAB20F2A34D80F2B32D8DFE803F0AE
:1062E00037313108223231313131313131313737C3
:1062F000856FB0F886309D4214D2C3681B8AB5FB07
:10630000F3F203FB12556DB9302383F311882B464A
:106310002A462946FFF72EFE85F311880A2384F8C2
:1063200070300EE0142384F87030302383F311882A
:10633000002320461A461946FFF70AFE002383F37E
:10634000118838BDC36F03B198470023E7E70021E8
:10635000204601F0C9FF0021204601F0B9FF636823
:106360001B6813B10621204698470623D7E7000093
:1063700010B590F870300446142B29D017D8062B8E
:1063800005D001D81BB110BD093B022BFBD8002161
:10639000204601F0A9FF0021204601F099FF636823
:1063A0001B6813B1062120469847062319E0152BD8
:1063B000E9D10B2380F87030302383F31188002358
:1063C0001A461946FFF7D6FD002383F31188DAE752
:1063D000C3689B695B68002BD5D1C36F03B1984735
:1063E000002384F87030CEE70023826880F82430E0
:1063F00083691B6899689142FBD25A6803604260C6
:1064000010605860704700000023826880F82430D4
:1064100083691B6899689142FBD85A68036042609F
:10642000106058607047000008B50846302383F3B9
:10643000118891F82430032B05D0042B0DD02BB9F3
:1064400083F3118808BD8B6A00221A604FF0FF3376
:106450008362FFF7C9FF0023F2E7D1E9003213603E
:106460005A60F3E7034610B51B68984203D09C6856
:106470008A689442F8D25A680B604A601160596089
:1064800010BD0000FFF7B0BF064BD96881F82400AB
:106490001868026853601A600122D86080F82420CE
:1064A000F9F7B0BFC84600200C4B30B5DD684B1C77
:1064B00087B004460FD02B46094A684600F09CF985
:1064C0002046FFF7E1FF009B13B1684600F09EF9FC
:1064D000A86A07B030BDFFF7D7FFF9E7C84600202C
:1064E00029640008044B1A68DB6890689B6898422E
:1064F00094BF002001207047C8460020094B10B50A
:106500001C68D868226853601A600122DC6084F835
:106510002420FFF779FF01462046BDE81040F9F737
:1065200071BF00BFC8460020044B1A68DB68926840
:106530009B689A4201D9FFF7E1BF7047C846002027
:1065400038B50123084C00252370656002F0E2FB9A
:1065500002F008FC0549064802F0DEFC0223237025
:1065600085F3118838BD00BF70490020149A0008D7
:10657000C846002000F080B9034A516853685B1A8E
:106580009842FBD8704700BF001000E08B604B635F
:106590000023CA6100F128020B6302230A618B8485
:1065A0000123886181F8263001F11003C26A4A6133
:1065B0001360C36201F12C030846CB6270470000F0
:1065C000D0E90131026841F8183CA1F19C03383947
:1065D000CB60036941F8243C436941F8203C034BFC
:1065E00041F8043CC3680248FFF7D0BF1D0400080F
:1065F000C846002008B5FFF7E3FFBDE80840FFF7F5
:1066000041BF000038B50E4BDC6804F12C05A062D8
:10661000E06AA8420FD194F826303BB994F82530AF
:106620009B0702BFD4E9043213605A600F20BDE813
:106630003840FFF729BF0368E362FFF723FFE7E76E
:10664000C8460020302383F31188FFF7DBBF00002A
:1066500008B50146302383F311880820FFF724FF93
:10666000002383F3118808BD054BDB6821B103606B
:1066700098620320FFF718BF4FF0FF30704700BF4C
:10668000C846002003682BB10022026018469962B8
:10669000FFF7F8BE70470000064BDB6839B142686F
:1066A00018605A60136043600420FFF7FDBE4FF08E
:1066B000FF307047C84600200368984206D01A6829
:1066C0000260506018469962FFF7DCBE7047000018
:1066D00038B504460D462068844200D138BD0368B1
:1066E00023605C608562FFF7CDFEF4E7036810B5B8
:1066F0009C68A2420CD85C688A600B604C60216088
:10670000596099688A1A9A604FF0FF33836010BD10
:10671000121B1B68ECE700000A2938BF0A2170B57C
:1067200004460D460A26601902F0EEFA02F0D6FA87
:10673000041BA54203D8751C04462E46F3E70A2E17
:1067400004D90120BDE8704002F0AEBC70BD00006D
:10675000F8B5144B0D460A2A4FF00A07D96103F128
:106760001001826038BF0A22416019691446016035
:1067700048601861A81802F0B7FA02F0AFFA431B9C
:106780000646A34206D37C1C28192746354602F04C
:10679000BBFAF2E70A2F04D90120BDE8F84002F065
:1067A00083BCF8BDC8460020F8B506460D4602F089
:1067B00095FA0F4A134653F8107F9F4206D12A4696
:1067C00001463046BDE8F840FFF7C2BFD169BB685B
:1067D000441A2C1928BF2C46A34202D92946FFF798
:1067E0009BFF224631460348BDE8F840FFF77EBFD5
:1067F000C8460020D8460020C0E90323002310B477
:106800005DF8044B4361FFF7CFBF000010B5194C92
:10681000236998420DD08168D0E9003213605A6034
:106820009A680A449A60002303604FF0FF33A36123
:1068300010BD0268234643F8102F53600022026007
:1068400022699A4203D1BDE8104002F057BA93681A
:1068500081680B44936002F041FA2269E169926811
:10686000441AA242E4D91144BDE81040091AFFF7C6
:1068700053BF00BFC84600202DE9F047DFF8BC80B9
:1068800008F110072C4ED8F8105002F027FAD8F86B
:106890001C40AA68031B9A423ED814444FF00009DA
:1068A000D5E90032C8F81C4013605A60C5F8009062
:1068B000D8F81030B34201D102F020FA89F31188E0
:1068C000D5E9033128469847302383F311886B6953
:1068D000002BD8D002F002FA6A69A0EB04098246C4
:1068E0004A450DD2022002F0DFFB0022D8F810301A
:1068F000B34208D151462846BDE8F047FFF728BF0C
:10690000121A2244F2E712EB09092946384638BF29
:106910004A46FFF7EBFEB5E7D8F81030B34208D08F
:106920001444C8F81C00211AA960BDE8F047FFF71D
:10693000F3BEBDE8F08700BFD8460020C84600205F
:1069400038B502F0CBF9054AD2E90845031B1819FE
:1069500045F10001C2E9080138BD00BFC84600206A
:1069600010B560B9074804790368053C9B6818BFF7
:106970000124984708B144F00404204610BD0124C6
:10698000FBE700BF28370020FFF7EABF2DE9F047FB
:10699000884617469A460446B0B90D4E3579052DFE
:1069A00005D003240DE0013D15F0FF050ED032683F
:1069B000534639463046D2F814904246C84700281C
:1069C000F1D12046BDE8F0870424FAE70124F8E776
:1069D000283700202DE9F047884617469A46044696
:1069E000B0B90D4E3579052D05D003240DE0013DDC
:1069F00015F0FF050ED03268534639463046D2F8BE
:106A000018904246C8470028F1D12046BDE8F087DB
:106A10000424FAE70124F8E72837002037B50C46AC
:106A2000154670B951B101290BD107486946036871
:106A30001B6A984710B9019B04462B60204603B09F
:106A400030BD0424FAE700BF28370020002070473B
:106A5000FEE70000704700004FF0FF307047000075
:106A60004B6843608B688360CB68C3600B6943618C
:106A70004B6903628B6943620B68036070470000D7
:106A800008B53C4B40F2FF713B48D3F888200A43DD
:106A9000C3F88820D3F8882022F4FF6222F007028E
:106AA000C3F88820D3F88820D3F8E0200A43C3F83D
:106AB000E020D3F808210A43C3F808212F4AD3F86D
:106AC00008311146FFF7CCFF00F5806002F11C0190
:106AD000FFF7C6FF00F5806002F13801FFF7C0FF45
:106AE00000F5806002F15401FFF7BAFF00F5806005
:106AF00002F17001FFF7B4FF00F5806002F18C0134
:106B0000FFF7AEFF00F5806002F1A801FFF7A8FFD4
:106B100000F5806002F1C401FFF7A2FF00F580607C
:106B200002F1E001FFF79CFF00F5806002F1FC013B
:106B3000FFF796FF02F58C7100F58060FFF790FF7C
:106B400001F082FC0E4BD3F8902242F00102C3F810
:106B50009022D3F8942242F00102C3F89422052235
:106B6000C3F898204FF06052C3F89C20054AC3F840
:106B7000A02008BD0044025800000258289A0008CE
:106B800000ED00E01F00080308B501F069FEFFF703
:106B9000D7FC104BD3F8DC2042F04002C3F8DC20D5
:106BA000D3F8042122F04002C3F80421D3F80431C1
:106BB000094B1A6842F008021A601A6842F004028F
:106BC0001A6000F06FFD00F033FBBDE8084000F0F4
:106BD000B5B800BF004402580018024801207047B1
:106BE000002070477047000002290CD0032904D010
:106BF0000129074818BF00207047032A05D8054817
:106C000000EBC2007047044870470020704700BF87
:106C10002C9C000854220020E09B000870B59AB01C
:106C200005460846144601A900F0C2F801A8FBF782
:106C30007BF8431C0022C6B25B001046C5E9003455
:106C400023700323023404F8013C01ABD1B20234B7
:106C50008E4201D81AB070BD13F8011B013204F83E
:106C6000010C04F8021CF1E708B5302383F3118806
:106C70000348FFF79BF8002383F3118808BD00BF8A
:106C80007849002090F8803003F01F02012A07D1D4
:106C900090F881200B2A03D10023C0E91D3315E0B1
:106CA00003F06003202B08D1B0F884302BB990F8A2
:106CB0008120212A03D81F2A04D8FFF759B8222A95
:106CC000EBD0FAE7034A426707228267C3670120D5
:106CD000704700BF4B22002007B5052917D8DFE811
:106CE00001F0191603191920302383F31188104A73
:106CF00001210190FFF702F9019802210D4AFFF7E7
:106D0000FDF80D48FFF71EF8002383F3118803B048
:106D10005DF804FB302383F311880748FEF7E8FF92
:106D2000F2E7302383F311880348FEF7FFFFEBE718
:106D3000809B0008A49B00087849002038B50C4DC2
:106D40000C4C2A460C4904F10800FFF767FF05F1D7
:106D5000CA0204F110000949FFF760FF05F5CA7285
:106D600004F118000649BDE83840FFF757BF00BFDF
:106D700050620020542200205C9B0008699B0008A0
:106D8000749B000870B5044608460D46FAF7CCFF20
:106D9000C6B22046013403780BB9184670BD32469E
:106DA0002946FAF7ADFF0028F3D10120F6E70000ED
:106DB0002DE9F04705460C46FAF7B6FF2B49C6B257
:106DC0002846FFF7DFFF08B10736F6B22849284604
:106DD000FFF7D8FF08B11036F6B2632E0BD8DFF8F4
:106DE0008C80DFF88C90234FDFF894A02E7846B982
:106DF0002670BDE8F08729462046BDE8F04702F03E
:106E000065BA252E2ED1072241462846FAF778FF8B
:106E100070B9194B224603F10C0153F8040B8B4255
:106E200042F8040BF9D11B8807350E341380DDE7D7
:106E3000082249462846FAF763FF98B9A21C0F4B6F
:106E4000197802320909C95D02F8041C13F8011B04
:106E500001F00F015345C95D02F8031CF0D118344D
:106E60000835C3E7013504F8016BBFE74C9C000807
:106E7000749B0008639C0008549C000800E8F11F04
:106E80000CE8F11FBFF34F8F044B1A695107FCD177
:106E9000D3F810215207F8D1704700BF00200052EC
:106EA00008B50D4B1B78ABB9FFF7ECFF0B4BDA685D
:106EB000D10704D50A4A5A6002F188325A60D3F8E1
:106EC0000C21D20706D5064AC3F8042102F1883204
:106ED000C3F8042108BD00BFAE64002000200052AA
:106EE0002301674508B5114B1B78F3B9104B1A699C
:106EF000510703D5DA6842F04002DA60D3F8102176
:106F0000520705D5D3F80C2142F04002C3F80C21FA
:106F1000FFF7B8FF064BDA6842F00102DA60D3F8F7
:106F20000C2142F00102C3F80C2108BDAE64002020
:106F3000002000520F289ABF00F580604004002016
:106F4000704700004FF40030704700001020704779
:106F50000F2808B50BD8FFF7EDFF00F500330268E6
:106F6000013204D104308342F9D1012008BD002050
:106F7000FCE700000F2838B505463FD8FFF782FF31
:106F80001F4CFFF78DFF4FF0FF3307286361C4F8F4
:106F900014311DD82361FFF775FF030243F024036A
:106FA000E360E36843F08003E36023695A07FCD49D
:106FB0002846FFF767FFFFF7BDFF4FF4003100F0F1
:106FC000ABFA2846FFF78EFFBDE83840FFF7C0BF99
:106FD000C4F81031FFF756FFA0F108031B0243F07D
:106FE0002403C4F80C31D4F80C3143F08003C4F806
:106FF0000C31D4F810315B07FBD4D9E7002038BD41
:10700000002000522DE9F84F05460C46104645EA8F
:107010000203DE0602D00020BDE8F88F20F01F003A
:10702000DFF8BCB0DFF8BCA0FFF73AFF04EB0008C4
:10703000444503D10120FFF755FFEDE72022294603
:10704000204602F0C7F810B920352034F0E72B466F
:1070500005F120021F68791CDDD104339A42F9D171
:1070600005F178431B481C4EB3F5801F1B4B38BFFE
:10707000184603F1F80332BFD946D1461E46FFF742
:1070800001FF0760A5EB040C336804F11C0143F019
:1070900002033360231FD9F8007017F00507FAD1F7
:1070A00053F8042F8B424CF80320F4D1BFF34F8FD9
:1070B000FFF7E8FE4FF0FF33202221460360284609
:1070C000336823F00203336002F084F80028BBD059
:1070D0003846B0E7142100520C2000521420005210
:1070E000102000521021005210B5084C237828B10E
:1070F0001BB9FFF7D5FE0123237010BD002BFCD078
:107100002070BDE81040FFF7EDBE00BFAE64002068
:107110002DE9F04F0D4685B0814658B111F00D06AE
:1071200014BF2022082211F00803019304D0431E4B
:10713000034269D0002435E0002E37D009F11F0149
:1071400021F01F094FF00108314F05F00403DFF86B
:10715000CCA005EA080BBBF1000F32D07869C0075C
:107160002FD408F101080C37B8F1060FF3D19EB9FE
:10717000284D4946A819019201F016FE0446002840
:1071800039D12036019AA02EF3D1494601F00CFEE8
:10719000044600282FD1019A49461F4801F004FEF9
:1071A000044660BB204605B0BDE8F08F0029C9D178
:1071B00001462846029201F0F7FD0446D8B9029A2A
:1071C000C0E713B178694107CBD5AC0702D5786920
:1071D0008007C6D5019911B178690107C1D5494623
:1071E0000AEB4810CDE9022301F0DEFD0446DDE99B
:1071F00002230028B5D04A460021204601E04A4635
:107200000021FAF799FDCDE70246002E96D199E7C5
:10721000749C0008F0640020B0640020D06400205A
:107220000021FFF775BF00000121FFF771BF0000CB
:1072300070B5144D0124144E40F2FF32002101209C
:10724000FAF77AFD06EB441001342A6955F80C1F51
:1072500001F096FD062CF5D137254FF4C054204699
:10726000FFF7E2FF014628B122460848BDE870401A
:1072700001F086BDC4EBC404013D4FEAD404EED155
:1072800070BD00BF749C0008D0640020B064002072
:107290000421FFF73DBF00004843FFF7C1BF0000D6
:1072A00008B101F0F3BD7047B0F5805F10B504463A
:1072B00007D8FFF7EDFF28B92046BDE81040FFF7DB
:1072C000AFBF002010BD0000FFF7EABF70B5AAB144
:1072D00040EA010313F01F030FD1094C0144A568D4
:1072E0006D0706D52568A84203D366683544A942D0
:1072F00004D903330C34122BF1D10022104670BD97
:10730000749C000808B501F0D7FE034AD2E90032A8
:10731000C01842EB010108BD90650020434BD3E942
:1073200000232DE9F34113437CD0FFF7EBFF404AE4
:1073300000230027F9F780F806460D463D4A002352
:10734000F9F77AF80023144630462946394AF9F706
:1073500073F84FF461613C23ADF80170B4FBF1F5B3
:10736000B4FBF3F601FB154103FB16464624B1FBC3
:10737000F3F1314BF6B28DF8004098423CD84FF013
:10738000640C4FF4C87EA30704F26C7225D1B2FBE3
:10739000FCF30CFB132313BBB2FBFEF30EFB132217
:1073A000B2FA82F35B0903F26D18621C8045D2B217
:1073B00017D90FB18DF800400022204C4FF00C0C73
:1073C00017460CFB0343D4B2013213F804C08445C2
:1073D0000CD8A0EB0C000127F5E70023E3E701231D
:1073E000E1E7A0EB080014460127CCE70FB18DF8C8
:1073F0000140431C8DF802309DF80100431C9DF8AC
:1074000000005038400640EA43509DF8023040EA00
:10741000034040EA560040EAC52040EA411002B06D
:10742000BDE8F0814FF40410F9E700BF906500203B
:1074300040420F008051010090230B00BC9C0008CB
:107440000244074BD2B210B5904200D110BD441C8B
:1074500000B253F8200041F8040BE0B2F4E700BF9B
:10746000504000580E4B30B51C6F240405D41C6FDF
:107470001C671C6F44F400441C670A4C02442368D8
:10748000D2B243F480732360074B904200D130BDE9
:10749000441C51F8045B00B243F82050E0B2F4E71A
:1074A00000440258004802585040005807B50122D5
:1074B00001A90020FFF7C4FF019803B05DF804FBA9
:1074C00013B50446FFF7F2FFA04205D0012201A93F
:1074D00000200194FFF7C6FF02B010BD10B5642470
:1074E000013C4FF47A70FFF7B3F814F0FF04F7D1C2
:1074F000084B4FF0807214249A6103F580530822E0
:107500009A61013C4FF47A70FFF7A2F814F0FF047F
:10751000F7D110BD000002580144BFF34F8F064B56
:10752000884204D3BFF34F8FBFF36F8F7047C3F808
:107530005C022030F4E700BF00ED00E00144BFF33F
:107540004F8F064B884204D3BFF34F8FBFF36F8F2B
:107550007047C3F870022030F4E700BF00ED00E090
:1075600070B5054616460C4601201021FFF794FE23
:10757000286046733CB1204636B1FFF789FE2B6880
:10758000186000B19C6070BDFFF74EFEF7E7000089
:10759000F8B50F461546044648B905F11F01012606
:1075A000386821F01F01FFF7B7FF3046F8BD427B76
:1075B00029463868FFF78AFE06460028EDD13B6869
:1075C0006360A368AB4210D213B12068FFF768FE76
:1075D000637B28462BB1FFF75BFE206020B9A060DB
:1075E000E3E7FFF721FEF8E7A560206805F11F013A
:1075F000012621F01F013860FFF78EFF2673D4E7C4
:1076000010B5044640B10068884205D1606808B1F1
:10761000FAF76CFB0023237310BD0000F8B50F468A
:107620001446054648B904F11F010126386821F0C7
:107630001F01FFF783FF3046F8BD427B21463868C3
:10764000FFF744FE06460028EDD1AB68A34210D2F6
:1076500013B12868FFF724FE6B7B20462BB1FFF7A0
:1076600017FE286020B9A860E5E7FFF7DDFDF8E721
:10767000AC60396819B122462868FAF737FB2868E8
:1076800004F11F01012621F01F013860FFF756FFAA
:107690002E73D0E720B103688B4204BF002303732D
:1076A00070470000034B1A681AB9034AD2F8D02475
:1076B0001A607047986500200040025808B5FFF72F
:1076C000F1FF024B1868C0F3806008BD9865002088
:1076D000EFF30983054968334A6B22F001024A63DC
:1076E00083F30988002383F31188704700EF00E0DB
:1076F000302080F3118862B60D4B0E4AD96821F410
:10770000E0610904090C0A430B49DA60D3F8FC2054
:1077100042F08072C3F8FC20084AC2F8B01F11681A
:1077200041F0010111602022DA7783F822007047CE
:1077300000ED00E00003FA0555CEACC5001000E0F6
:10774000302310B583F311880E4B5B6813F400638C
:1077500014D0F1EE103AEFF309844FF08073683CD7
:10776000E361094BDB6B236684F30988FEF7BAFEFD
:1077700010B1064BA36110BD054BFBE783F31188E5
:10778000F9E700BF00ED00E000EF00E02F04000883
:107790003204000870B5BFF34F8FBFF36F8F1A4AE2
:1077A0000021C2F85012BFF34F8FBFF36F8F5369A0
:1077B00043F400335361BFF34F8FBFF36F8FC2F8B1
:1077C0008410BFF34F8FD2F8803043F6E074C3F3D8
:1077D000C900C3F34E335B0103EA0406014646EADF
:1077E00081750139C2F86052F9D2203B13F1200FA4
:1077F000F2D1BFF34F8F536943F480335361BFF32A
:107800004F8FBFF36F8F70BD00ED00E0FEE700000B
:10781000214B2248224A70B5904237D3214BC11EDA
:10782000DA1C121A22F003028B4238BF0022002118
:10783000FAF782FA1C4A0023C2F88430BFF34F8F54
:10784000D2F8803043F6E074C3F3C900C3F34E337B
:107850005B0103EA0406014646EA81750139C2F874
:107860006C52F9D2203B13F1200FF2D1BFF34F8FAE
:10787000BFF36F8FBFF34F8FBFF36F8F0023C2F83B
:107880005032BFF34F8FBFF36F8F70BD53F8041B9F
:1078900040F8041BC0E700BF289E00089C6700203A
:1078A0009C6700209C67002000ED00E0074BD3F8A8
:1078B000D81021EA0001C3F8D810D3F8002122EA39
:1078C0000002C3F80021D3F8003170470044025889
:1078D00070B5D0E9244300224FF0FF359E6804EBD9
:1078E00042135101D3F80009002805DAD3F8000942
:1078F00040F08040C3F80009D3F8000B002805DAF7
:10790000D3F8000B40F08040C3F8000B013263183D
:107910009642C3F80859C3F8085BE0D24FF0011350
:10792000C4F81C3870BD0000890141F020010161DC
:1079300003699B06FCD41220FEF71EBE10B50A4C4C
:107940002046FEF7B9FA094BC4F89030084BC4F84A
:107950009430084C2046FEF7AFFA074BC4F890303D
:10796000064BC4F8943010BD9C6500200000084010
:10797000F89C00083866002000000440049D0008C0
:1079800070B503780546012B5CD1434BD0F890408D
:10799000984258D1414B0E216520D3F8D82042F0AF
:1079A0000062C3F8D820D3F8002142F00062C3F887
:1079B0000021D3F80021D3F8802042F00062C3F800
:1079C0008020D3F8802022F00062C3F88020D3F812
:1079D0008030FDF7B5FC324BE360324BC4F8003821
:1079E0000023D5F89060C4F8003EC02323604FF414
:1079F0000413A3633369002BFCDA01230C203361E9
:107A0000FEF7BAFD3369DB07FCD41220FEF7B4FDA4
:107A10003369002BFCDA00262846A660FFF758FFE2
:107A20006B68C4F81068DB68C4F81468C4F81C6894
:107A300083BB1D4BA3614FF0FF336361A36843F029
:107A40000103A36070BD194B9842C9D1134B4FF08D
:107A50008060D3F8D82042F00072C3F8D820D3F861
:107A6000002142F00072C3F80021D3F80021D3F8BE
:107A7000802042F00072C3F88020D3F8802022F0EA
:107A80000072C3F88020D3F88030FFF70FFF0E217B
:107A90004D209EE7064BCDE79C6500200044025830
:107AA0004014004003002002003C30C03866002033
:107AB000083C30C0F8B5D0F89040054600214FF0A2
:107AC00000662046FFF730FFD5F8941000234FF0F2
:107AD00001128F684FF0FF30C4F83438C4F81C2806
:107AE00004EB431201339F42C2F80069C2F8006BF5
:107AF000C2F80809C2F8080BF2D20B68D5F890203A
:107B0000C5F89830636210231361166916F01006E9
:107B1000FBD11220FEF730FDD4F8003823F4FE63C9
:107B2000C4F80038A36943F4402343F01003A36171
:107B30000923C4F81038C4F814380B4BEB604FF02D
:107B4000C043C4F8103B094BC4F8003BC4F81069AB
:107B5000C4F80039D5F8983003F1100243F48013CB
:107B6000C5F89820A362F8BDD49C0008408000109E
:107B7000D0F8902090F88A10D2F8003823F4FE63F1
:107B800043EA0113C2F80038704700002DE9F843BA
:107B900000EB8103D0F890500C468046DA680FFA6B
:107BA00081F94801166806F00306731E022B05EBE7
:107BB00041134FF0000194BFB604384EC3F8101BB8
:107BC0004FF0010104F1100398BF06F1805601FA4D
:107BD00003F3916998BF06F5004600293AD0578A09
:107BE00004F15801374349016F50D5F81C180B4375
:107BF0000021C5F81C382B180127C3F81019A7401D
:107C00005369611E9BB3138A928B9B08012A88BF1C
:107C10005343D8F89820981842EA034301F14002F0
:107C20002146C8F89800284605EB82025360FFF70A
:107C30007BFE08EB8900C3681B8A43EA84534834FF
:107C40001E4364012E51D5F81C381F43C5F81C781B
:107C5000BDE8F88305EB4917D7F8001B21F4004174
:107C6000C7F8001BD5F81C1821EA0303C0E704F18C
:107C70003F030B4A2846214605EB83035A60FFF772
:107C800053FE05EB4910D0F8003923F40043C0F847
:107C90000039D5F81C3823EA0707D7E70080001021
:107CA00000040002D0F894201268C0F89820FFF772
:107CB0000FBE00005831D0F8903049015B5813F4E2
:107CC000004004D013F4001F0CBF022001207047B5
:107CD0004831D0F8903049015B5813F4004004D08B
:107CE00013F4001F0CBF02200120704700EB81013C
:107CF000CB68196A0B6813604B68536070470000CB
:107D000000EB810330B5DD68AA691368D36019B947
:107D1000402B84BF402313606B8A1468D0F89020F6
:107D20001C4402EB4110013C09B2B4FBF3F4634381
:107D3000033323F0030343EAC44343F0C043C0F8D2
:107D4000103B2B6803F00303012B0ED1D2F8083847
:107D500002EB411013F4807FD0F8003B14BF43F0D6
:107D6000805343F00053C0F8003B02EB4112D2F8BD
:107D7000003B43F00443C2F8003B30BD2DE9F04125
:107D8000D0F8906005460C4606EB4113D3F8087B0B
:107D90003A07C3F8087B08D5D6F814381B0704D572
:107DA00000EB8103DB685B689847FA071FD5D6F8BC
:107DB0001438DB071BD505EB8403D968CCB98B6974
:107DC000488A5A68B2FBF0F600FB16228AB9186896
:107DD000DA6890420DD2121AC3E90024302383F3EB
:107DE000118821462846FFF78BFF84F31188BDE8F0
:107DF000F081012303FA04F26B8923EA02036B8109
:107E0000CB68002BF3D021462846BDE8F041184747
:107E100000EB81034A0170B5DD68D0F890306C69E1
:107E20002668E66056BB1A444FF40020C2F81009D9
:107E30002A6802F00302012A0AB20ED1D3F8080818
:107E400003EB421410F4807FD4F8000914BF40F013
:107E5000805040F00050C4F8000903EB4212D2F801
:107E6000000940F00440C2F800090122D3F83408A8
:107E700002FA01F10143C3F8341870BD19B9402E5C
:107E800084BF4020206020681A442E8A8419013C57
:107E9000B4FBF6F440EAC44040F00050C6E70000EE
:107EA0002DE9F843D0F8906005460C464F0106EBEB
:107EB0004113D3F8088918F0010FC3F808891CD0C2
:107EC000D6F81038DB0718D500EB8103D3F80CC0C7
:107ED000DCF81430D3F800E0DA68964530D2A2EB33
:107EE0000E024FF000091A60C3F80490302383F3A8
:107EF0001188FFF78DFF89F3118818F0800F1DD0CE
:107F0000D6F834380126A640334217D005EB840357
:107F10000134D5F89050D3F80CC0E4B22F44DCF80B
:107F2000142005EB0434D2F800E05168714514D3F5
:107F3000D5F8343823EA0606C5F83468BDE8F88376
:107F4000012303FA01F2038923EA02030381DCF827
:107F50000830002BD1D09847CFE7AEEB0103BCF837
:107F60001000834228BF0346D7F8180980B2B3EB4C
:107F7000800FE3D89068A0F1040959F8048FC4F881
:107F80000080A0EB09089844B8F1040FF5D8184414
:107F90000B4490605360C8E72DE9F84FD0F890503B
:107FA00004466E69AB691E4016F480586E6103D0BA
:107FB000BDE8F84FFDF7F0BF002E12DAD5F8003E0D
:107FC0009B0705D0D5F8003E23F00303C5F8003E1B
:107FD000D5F80438204623F00103C5F80438FEF72D
:107FE00009F8370505D52046FFF772FC2046FDF756
:107FF000EFFFB0040CD5D5F8083813F0060FEB6886
:1080000023F470530CBF43F4105343F4A053EB60BC
:1080100031071BD56368DB681BB9AB6923F0080324
:10802000AB612378052B0CD1D5F8003E9A0705D01B
:10803000D5F8003E23F00303C5F8003E2046FDF7C7
:10804000D9FF6368DB680BB120469847F30200F163
:10805000BA80B70226D5D4F8909000274FF0010AD5
:1080600009EB4712D2F8003B03F44023B3F5802F0D
:1080700011D1D2F8003B002B0DDA62890AFA07F31E
:1080800022EA0303638104EB8703DB68DB6813B137
:108090003946204698470137D4F89430FFB29B68A0
:1080A0009F42DDD9F00619D5D4F89000026AC2F3D8
:1080B0000A1702F00F0302F4F012B2F5802F00F05D
:1080C000CA80B2F5402F09D104EB8303002200F5EA
:1080D0008050DB681B6A974240F0B0803003D5F8CF
:1080E000185835D5E90303D500212046FFF746FE91
:1080F000AA0303D501212046FFF740FE6B0303D5F9
:1081000002212046FFF73AFE2F0303D50321204624
:10811000FFF734FEE80203D504212046FFF72EFEC8
:10812000A90203D505212046FFF728FE6A0203D5E0
:1081300006212046FFF722FE2B0203D50721204609
:10814000FFF71CFEEF0103D508212046FFF716FEBE
:10815000700340F1A780E90703D500212046FFF70F
:108160009FFEAA0703D501212046FFF799FE6B0762
:1081700003D502212046FFF793FE2F0703D50321E5
:108180002046FFF78DFEEE0603D504212046FFF7BB
:1081900087FEA80603D505212046FFF781FE690664
:1081A00003D506212046FFF77BFE2A0603D50721CB
:1081B0002046FFF775FEEB0574D520460821BDE883
:1081C000F84FFFF76DBED4F890904FF0000B4FF0D2
:1081D000010AD4F894305FFA8BF79B689F423FF610
:1081E00038AF09EB4713D3F8002902F44022B2F567
:1081F000802F20D1D3F80029002A1CDAD3F80029D7
:1082000042F09042C3F80029D3F80029002AFBDB92
:108210003946D4F89000FFF787FB22890AFA07F362
:1082200022EA0303238104EB8703DB689B6813B115
:108230003946204698470BF1010BCAE7910701D157
:10824000D0F80080072A02F101029CBF03F8018BDD
:108250004FEA18283FE704EB830300F58050DA6803
:10826000D2F818C0DCF80820DCE9001CA1EB0C0CEB
:1082700000218F4208D1DB689B699A683A449A6072
:108280005A683A445A6029E711F0030F01D1D0F837
:1082900000808C4501F1010184BF02F8018B4FEA97
:1082A0001828E6E7BDE8F88F08B50348FFF774FE25
:1082B000BDE80840FFF744BA9C65002008B50348B4
:1082C000FFF76AFEBDE80840FFF73ABA38660020BB
:1082D000D0F8903003EB4111D1F8003B43F4001388
:1082E000C1F8003B70470000D0F8903003EB41111B
:1082F000D1F8003943F40013C1F800397047000089
:10830000D0F8903003EB4111D1F8003B23F4001377
:10831000C1F8003B70470000D0F8903003EB4111EA
:10832000D1F8003923F40013C1F800397047000078
:10833000064BD3F8DC200243C3F8DC20D3F8042139
:108340001043C3F80401D3F80431704700440258C5
:1083500008B53C4B4FF0FF31D3F8802062F000426B
:10836000C3F88020D3F8802002F00042C3F88020B8
:10837000D3F88020D3F88420C3F88410D3F8842065
:108380000022C3F88420D3F88400D86F40F0FF4067
:1083900040F4FF0040F4DF4040F07F00D867D86F22
:1083A00020F0FF4020F4FF0020F4DF4020F07F00A9
:1083B000D867D86FD3F888006FEA40506FEA505002
:1083C000C3F88800D3F88800C0F30A00C3F8880017
:1083D000D3F88800D3F89000C3F89010D3F8900039
:1083E000C3F89020D3F89000D3F89400C3F8941009
:1083F000D3F89400C3F89420D3F89400D3F89800ED
:10840000C3F89810D3F89800C3F89820D3F89800D0
:10841000D3F88C00C3F88C10D3F88C00C3F88C20F0
:10842000D3F88C00D3F89C00C3F89C10D3F89C10B0
:10843000C3F89C20D3F89C30FCF72AFABDE808402A
:1084400000F0D6B90044025808B50122534BC3F8D6
:108450000821534BD3F8F42042F00202C3F8F42071
:10846000D3F81C2142F00202C3F81C210222D3F8E7
:108470001C314C4BDA605A689104FCD54A4A1A60A8
:1084800001229A60494ADA6000221A614FF44042A0
:108490009A61444B9A699204FCD51A6842F480723E
:1084A0001A603F4B1A6F12F4407F04D04FF48032B1
:1084B0001A6700221A671A6842F001021A60384BE4
:1084C0001A685007FCD500221A611A6912F03802A6
:1084D000FBD1012119604FF0804159605A67344A3D
:1084E000DA62344A1A611A6842F480321A602C4BFC
:1084F0001A689103FCD51A6842F480521A601A680F
:108500009204FCD52C4A2D499A6200225A631963C1
:1085100001F57C01DA6301F5E77199635A64284A31
:108520001A64284ADA621A6842F0A8521A601C4B90
:108530001A6802F02852B2F1285FF9D148229A61F4
:108540004FF48862DA6140221A621F4ADA641F4AD5
:108550001A651F4A5A651F4A9A6532231E4A1360DC
:10856000136803F00F03022BFAD10D4A136943F08D
:1085700003031361136903F03803182BFAD14FF08A
:108580000050FFF7D5FE4FF08040FFF7D1FE4FF0CF
:108590000040BDE80840FFF7CBBE00BF008000519F
:1085A000004402580048025800C000F002000001D8
:1085B0000000FF010088900832206000630209017A
:1085C000470E0508DD0BBF01200000200000011050
:1085D0000910E00000010110002000524FF0B042ED
:1085E00008B5D2F8883003F00103C2F8883023B10F
:1085F000044A13680BB150689847BDE80840FFF77C
:108600009FB800BF146700204FF0B04208B5D2F801
:10861000883003F00203C2F8883023B1044A93681B
:108620000BB1D0689847BDE80840FFF789B800BF94
:10863000146700204FF0B04208B5D2F8883003F03C
:108640000403C2F8883023B1044A13690BB150699E
:108650009847BDE80840FFF773B800BF14670020D3
:108660004FF0B04208B5D2F8883003F00803C2F8E2
:10867000883023B1044A93690BB1D0699847BDE8AB
:108680000840FFF75DB800BF146700204FF0B0420C
:1086900008B5D2F8883003F01003C2F8883023B14F
:1086A000044A136A0BB1506A9847BDE80840FFF7C7
:1086B00047B800BF146700204FF0B04310B5D3F89F
:1086C000884004F47872C3F88820A30604D5124ABF
:1086D000936A0BB1D06A9847600604D50E4A136BB3
:1086E0000BB1506B9847210604D50B4A936B0BB125
:1086F000D06B9847E20504D5074A136C0BB1506C58
:108700009847A30504D5044A936C0BB1D06C9847E5
:10871000BDE81040FFF714B8146700204FF0B043D5
:1087200010B5D3F8884004F47C42C3F88820620571
:1087300004D5164A136D0BB1506D9847230504D527
:10874000124A936D0BB1D06D9847E00404D50F4ADF
:10875000136E0BB1506E9847A10404D50B4A936E6B
:108760000BB1D06E9847620404D5084A136F0BB161
:10877000506F9847230404D5044A936F0BB1D06F10
:108780009847BDE81040FEF7DBBF00BF146700202C
:1087900008B50348FCF74AFCBDE80840FEF7D0BF27
:1087A0002837002008B50348FCF744FDBDE8084021
:1087B000FEF7C6BF8039002008B50348FCF73AFD34
:1087C000BDE80840FEF7BCBFEC39002008B50348FF
:1087D000FCF730FDBDE80840FEF7B2BF583A002074
:1087E00008B500F0BDFCBDE80840FEF7A9BF0000D9
:1087F000062108B50846FCF7A3FD06210720FCF773
:108800009FFD06210820FCF79BFD06210920FCF7AF
:1088100097FD06210A20FCF793FD06211720FCF79F
:108820008FFD06212820FCF78BFD09217A20FCF71B
:1088300087FD09213120FCF783FD07213220FCF759
:108840007FFD0C212620FCF77BFD0C212720FCF767
:1088500077FD0C215220BDE80840FCF771BD0000F7
:1088600008B5FFF775FD00F043FCFDF749F9FDF78A
:10887000E7F8FDF71FFBFDF7F1F9FEF7B3F9BDE8E7
:10888000084000F029BA000030B50433039C01729F
:10889000002104FB0325C160C0E90653049B036368
:1088A000059BC0E90000C0E90422C0E90842C0E914
:1088B0000A11436330BD00000022416AC260C0E972
:1088C0000411C0E90A226FF00101FDF701BF0000A9
:1088D000D0E90432934201D1C2680AB9181D704729
:1088E00000207047036919600021C2680132C2602C
:1088F000C269134482699342036124BF436A0361DE
:10890000FDF7DABE38B504460D46E3683BB162694F
:108910000020131D1268A3621344E36207E0237A68
:1089200033B929462046FDF7B7FE0028EDDA38BDF9
:108930006FF00100FBE70000C368C269013BC36040
:108940004369134482699342436124BF436A43618C
:1089500000238362036B03B11847704770B530235F
:10896000044683F31188866A3EB9FFF7CBFF0546BC
:1089700018B186F31188284670BDA36AE26A13F81D
:10898000015B9342A36202D32046FFF7D5FF002389
:1089900083F31188EFE700002DE9F84F04460E46F7
:1089A000174698464FF0300989F311880025AA46EA
:1089B000D4F828B0BBF1000F09D141462046FFF79B
:1089C000A1FF20B18BF311882846BDE8F88FD4E9C8
:1089D0000A12A7EB050B521A934528BF9346BBF129
:1089E000400F1BD9334601F1400251F8040B91426C
:1089F00043F8040BF9D1A36A403640354033A362F3
:108A0000D4E90A239A4202D32046FFF795FF8AF35E
:108A10001188BD42D8D289F31188C9E730465A4639
:108A2000F9F764F9A36A5E445D445B44A362E7E737
:108A300010B5029C0433017203FB0421C460C0E939
:108A400006130023C0E90A33039B0363049BC0E9B8
:108A50000000C0E90422C0E90842436310BD0000E1
:108A6000026A6FF00101C260426AC0E9042200227A
:108A7000C0E90A22FDF72CBED0E904239A4201D1B5
:108A8000C26822B9184650F8043B0B6070470023B7
:108A90001846FAE7C3680021C2690133C36043691D
:108AA000134482699342436124BF436A4361FDF7E3
:108AB00003BE000038B504460D46E3683BB12369A8
:108AC00000201A1DA262E2691344E36207E0237AE0
:108AD00033B929462046FDF7DFFD0028EDDA38BD21
:108AE0006FF00100FBE7000003691960C268013AFA
:108AF000C260C269134482699342036124BF436A1E
:108B0000036100238362036B03B1184770470000C1
:108B100070B530230D460446114683F31188866AEA
:108B20002EB9FFF7C7FF10B186F3118870BDA36A95
:108B30001D70A36AE26A01339342A36204D3E16920
:108B400020460439FFF7D0FF002080F31188EDE7BD
:108B50002DE9F84F04460D46904699464FF0300AED
:108B60008AF311880026B346A76A4FB949462046C2
:108B7000FFF7A0FF20B187F311883046BDE8F88FDA
:108B8000D4E90A073A1AA8EB0607974228BF174606
:108B9000402F1BD905F1400355F8042B9D4240F8A6
:108BA000042BF9D1A36A40364033A362D4E90A23E7
:108BB0009A4204D3E16920460439FFF795FF8BF30D
:108BC00011884645D9D28AF31188CDE729463A461D
:108BD000F9F78CF8A36A3D443E443B44A362E5E7C1
:108BE000D0E904239A4217D1C3689BB1836A8BB141
:108BF000043B9B1A0ED01360C368013BC360C3697A
:108C00001A4483699A42026124BF436A03610023C4
:108C100083620123184670470023FBE701F01F031E
:108C2000F0B502F01F0456095A1C0123B6EB511F80
:108C300050F8265003FA02F34FEA511703F1FF33BD
:108C40003DBF50F82720C4F12000134003EA05007F
:108C50003BBF03FA00F225FA04F0E0401043F0BDF8
:108C600070B57E227F210546FFF7D8FF18B1012895
:108C700019D0002070BD3E2249212846FFF7CEFFC3
:108C80002F22044631212846FFF7C8FF064601344B
:108C90005022023653212846B440FFF7BFFF09385F
:108CA00004FA00F0E6E7302245212846FFF7B6FF38
:108CB00001308002DEE7000090F8D63090F8D7202F
:108CC0001B0403EB026390F8D42090F8D500134402
:108CD00003EB00207047000000F018BA014B586AFF
:108CE000704700BF000C0040034B002258631A611C
:108CF0000222DA60704700BF000C0040014B0022E6
:108D0000DA607047000C0040014B5863704700BFA9
:108D1000000C0040024B034A1A60034A5A60704735
:108D2000EC660020A067002000000220074B4942AB
:108D300010B55C68201A08401968821A8A4203D369
:108D4000A24201D85A6010BD0020FCE7EC6600206A
:108D500008B5302383F31188FFF7E8FF002383F37E
:108D6000118808BD0448054B03600023C0E90133A6
:108D70000C3000F017B900BFF4660020518D0008D8
:108D8000CB1D083A23F00703591A521A10B4D2081F
:108D90000024C0E9004384600C301C605A605DF818
:108DA000044B00F0FFB800002DE9F74F364FCD1D02
:108DB0008846002818BF0746082A4FEAD50538BF5D
:108DC000082207F10C003C1D9146019000F02CF99F
:108DD000019809F10701C9F1000E2246246864B91F
:108DE00000F02CF93B68CBB308224946E8009847CD
:108DF000044698B340E9027830E004EB010CD4F863
:108E000004A00CEA0E0C0AF10106ACF1080304EB15
:108E1000C6069E42E1D9A6EB0C0CB5EBEC0F4FEA6F
:108E2000EC0BDAD89C421DD204F10802AB45A3EB4F
:108E300002024FEAE202626009D9691CED4303EBCA
:108E4000C1025D445560256843F8315022601C46DC
:108E5000C3F8048044F8087B00F0F0F8204603B023
:108E6000BDE8F08FAA45216802D111602346EEE7E4
:108E7000013504EBC50344F8351003F10801761AF7
:108E8000F6105E601360F1E7F466002073B50446E7
:108E9000A0F1080550F8080C54F8043C061D0C30ED
:108EA00007330190DB0844F8043C00F0BDF833467A
:108EB00001989E421A6801D0AB4228D20AB195426D
:108EC00025D244F8082C54F8042C1D60013254F8C3
:108ED000081C05EBC206B14206D14E68324444F884
:108EE000042C0A6844F8082C5E68711C03EBC1016D
:108EF0008D4207D154F8042C013232445A6054F8A0
:108F0000082C1A6002B0BDE8704000F097B8134614
:108F1000CFE70000FEE7000070B51E4B00250446B9
:108F200086B058600E4605638163FEF7E1FB04F1ED
:108F30002803A5606563C4E90A3304F11003C4E99A
:108F400004334FF0FF33C4E90044C4E90635FFF7AA
:108F5000C5FE2B46024604F13C012046C4E9082325
:108F600080230D4A6567FDF711FB7368E0600B4ACB
:108F700003620123009280F824306846F26801926F
:108F80003269CDE90223064BCDE90435FDF732FB0A
:108F900006B070BD70490020189D0008109D0008A3
:108FA000158F00080023C0E900008360036170474B
:108FB00070B51C4B05468468DE685CB3B44213D1BF
:108FC00003690133036170BDA36094F8243083B159
:108FD000062B15D1A06A2146D4E9003213605A60ED
:108FE000FDF740FAA36A9C68B368A2689A42EBD383
:108FF00006E0D4E90032204613605A60FDF742FAD9
:1090000028463146FDF72EFAB5620620BDE87040CD
:10901000FDF73ABA0369866001330361336BC360BD
:109020003063D0E7C846002008B5302383F31188A9
:10903000FFF7BEFF002383F3118808BD194BD968E1
:1090400083688B4210B520D1302383F311880269E5
:10905000013A0261B2B90468C368A0420B631ED032
:109060004A6B9BB901238A60036103681A68026036
:1090700050601A6B8360C26018631846FDF702FAED
:10908000FDF752FA002383F3118810BD1C68A34238
:1090900003D0A468A24238BF2246DB68E1E78260C1
:1090A000F0E700BFC8460020024A536B18435063E4
:1090B000704700BFC846002038B5EFF311859DB951
:1090C000EFF30584C4F30804302334B183F311882B
:1090D000FDF736FC85F3118838BD83F31188FDF761
:1090E0002FFC84F3118838BDBDE83840FDF728BC5B
:1090F0000023054A19460133102BC2E9001102F181
:109100000802F8D1704700BF14670020114BD3F854
:10911000E82042F00802C3F8E820D3F8102142F01A
:109120000802C3F810210C4AD3F81031D36B43F076
:109130000803D363C722094B9A624FF0FF32DA6209
:1091400000229A615A63DA605A6001225A611A60F9
:10915000704700BF004402580010005C000C004043
:10916000094A08B51169D3680B40D9B29B076FEA69
:109170000101116107D5302383F31188FDF7FAF956
:10918000002383F3118808BD000C0040FEF788B867
:10919000012838BF012010B504462046FEF740F8EC
:1091A00030B900F007F808B900F00CF88047F4E790
:1091B00010BD0000024B1868BFF35B8F704700BF03
:1091C0009467002008B5062000F056F80120FDF74E
:1091D0003FFC000010B501390244904201D100204B
:1091E00005E0037811F8014FA34201D0181B10BD10
:1091F0000130F2E7884210B501EB020402D9844243
:10920000234607D8431EA14208D011F8012B03F8CA
:10921000012FF8E7024401468A4200D110BD13F83D
:10922000014D02F8014DF7E71F2938B504460D46F8
:1092300004D9162303604FF0FF3038BD426C12B1E1
:1092400052F821304BB9204600F030F82A4601464A
:109250002046BDE8384000F017B8012B0AD0591C51
:1092600003D1162303600120E7E7002442F82540DC
:10927000284698470020E0E7024B01461868FFF7B0
:10928000D3BF00BF7422002038B5074D0023044629
:10929000084611462B60FDF7DFFB431C02D12B680B
:1092A00003B1236038BD00BF98670020FDF7CEBB37
:1092B000C9B2034610F8012B1AB18A42F9D11846F7
:1092C0007047002918BF0023F9E70000034611F892
:1092D000012B03F8012B002AF9D1704710B5013991
:1092E000034632B111F8014F03F8014B013A002C4B
:1092F000F7D11A440021934200D110BD03F8011B9D
:10930000F9E700004D4435002D2D0A002F617264ED
:109310007570696C6F742E6162696E002F61726482
:109320007570696C6F742D7665726966792E6162ED
:10933000696E002F6172647570696C6F742D666C54
:109340006173682E6162696E002F61726475706965
:109350006C6F742D666C61736865642E6162696EF2
:10936000000000000000000000000000050F0008E1
:10937000A10F000851110008D90F0008990F00082B
:109380000000000000000000010F0008AD0F000801
:1093900089110008FD0E0008090F000853544D33D1
:1093A0003248373F3F3F0053544D333248373378CC
:1093B0002F3732780053544D3332483734332F37F8
:1093C00035332F373530000001105A000310590093
:1093D00001205800032056002F00000053756363DE
:1093E00065737366756C6C79206D6F756E746564EA
:1093F000205344436172642028736C6F77646F77E5
:109400006E3D2575290A0000EB769045584641547B
:10941000202020004641543332202020000000004C
:109420002A3A3C3E7C223F7F002B2C3B3D5B5D007B
:1094300043554541414141434545454949494141DC
:109440004592924F4F4F5555594F554F9C4F9E9FA8
:1094500041494F55A5A5A6A7A8A9AAABACADAEAFEB
:10946000B0B1B2B3B4414141B8B9BABBBCBDBEBFE3
:10947000C0C1C2C3C4C54141C8C9CACBCCCDCECF7F
:10948000D1D145454549494949D9DADBDCDD49DFD8
:109490004FE14F4F4F4FE6E8E85555555959EEEF1C
:1094A000F0F1F2F3F4F5F6F7F8F9FAFBFCFDFEFF44
:1094B00001030507090E10121416181C1E000000E7
:1094C00061001A03E0001703F8000703FF00010022
:1094D00078010001300132010601390110014A0111
:1094E0002E017901060180014D00430281018201B4
:1094F00082018401840186018701870189018A0133
:109500008B018B018D018E018F01900191019101E1
:1095100093019401F60196019701980198013D028B
:109520009B019C019D0120029F01A001A001A201BD
:10953000A201A401A401A601A701A701A901AA01F2
:10954000AB01AC01AC01AE01AF01AF01B101B201A1
:10955000B301B301B501B501B701B801B801BA0152
:10956000BB01BC01BC01BE01F701C001C101C201C8
:10957000C301C401C501C401C701C801C701CA01B3
:10958000CB01CA01CD011001DD0101008E01DE0118
:109590001201F3010300F101F401F401F8012801C3
:1095A000220212013A020900652C3B023B023D02F5
:1095B000662C3F0240024102410246020A01530268
:1095C000400081018601550289018A0158028F01FC
:1095D0005A0290015C025D025E025F029301610229
:1095E00062029401640265026602670297019601B5
:1095F0006A02622C6C026D026E029C0170027102A2
:109600009D01730274029F0176027702780279024B
:109610007A027B027C02642C7E027F02A601810218
:109620008202A9018402850286028702AE014402F9
:10963000B101B20145028D028E028F0290029102A9
:10964000B7017B030300FD03FE03FF03AC0304002B
:109650008603880389038A03B1031103C20302004E
:10966000A303A303C4030803CC0303008C038E03EA
:109670008F03D8031801F2030A00F903F303F4037C
:10968000F503F603F703F703F903FA03FA033004CB
:10969000200350041007600422018A043601C1042B
:1096A0000E01CF040100C004D0044401610526046A
:1096B000000000007D1D0100632C001E9601A01E0D
:1096C0005A01001F0806101F0606201F0806301F3B
:1096D0000806401F0606511F0700591F521F5B1F37
:1096E000541F5D1F561F5F1F601F0806701F0E006E
:1096F000BA1FBB1FC81FC91FCA1FCB1FDA1FDB1F22
:10970000F81FF91FEA1FEB1FFA1FFB1F801F080637
:10971000901F0806A01F0806B01F0400B81FB91F3D
:10972000B21FBC1FCC1F0100C31FD01F0206E01FC9
:109730000206E51F0100EC1FF31F0100FC1F4E2174
:109740000100322170211002842101008321D024E4
:109750001A05302C2F04602C0201672C0601752C91
:109760000201802C6401002D260841FF1A0300002D
:10977000C700FC00E900E200E400E000E500E700CB
:10978000EA00EB00E800EF00EE00EC00C400C500CA
:10979000C900E600C600F400F600F200FB00F90084
:1097A000FF00D600DC00F800A300D800D70092012B
:1097B000E100ED00F300FA00F100D100AA00BA00C8
:1097C000BF00AE00AC00BD00BC00A100AB00BB0000
:1097D00091259225932502252425C100C200C000B1
:1097E000A9006325512557255D25A200A500102558
:1097F000142534252C251C2500253C25E300C30019
:109800005A25542569256625602550256C25A40018
:10981000F000D000CA00CB00C8003101CD00CE005E
:10982000CF0018250C2588258425A600CC0080258E
:10983000D300DF00D400D200F500D500B500FE0053
:10984000DE00DA00DB00D900FD00DD00AF00B4006F
:10985000AD00B1001720BE00B600A700F700B800A9
:10986000B000A800B700B900B300B200A025A00066
:1098700010000240080002400008024000000B00F7
:1098800028000240080002400408024006010C00C3
:1098900040000240080002400808024010020D008B
:1098A00058000240080002400C08024016030E0057
:1098B000700002400C0002401008024000040F003B
:1098C000880002400C000240140802400605100007
:1098D000A00002400C0002401808024010061100CF
:1098E000B80002400C0002401C08024016072F007E
:1098F000100402400804024020080240000838001A
:1099000028040240080402402408024006093900E5
:10991000400402400804024028080240100A3A00AD
:1099200058040240080402402C080240160B3B0079
:10993000700402400C04024030080240000C3C005D
:10994000880402400C04024034080240060D440022
:10995000A00402400C04024038080240100E4500EA
:10996000B80402400C0402403C080240160F4600B6
:109970000100000000000000009600000000000050
:1099800000000000000000000000000000000000D7
:1099900000000000DD6B0008E16B0008D5560008F0
:1099A0000D5A00086956000891560008B95600087B
:1099B0005156000800000000C15A0008AD5A0008C6
:1099C000E95A0008D55A0008E15A0008CD5A0008A3
:1099D000B95A0008A55A0008F55A0008000000000E
:1099E000D95B0008C55B0008015C0008ED5B00085E
:1099F000F95B0008E55B0008D15B0008BD5B00086F
:109A00000D5C0008000000000100000000000000E4
:109A100063300000109A0008000000000000000001
:109A200040470020704900200000812A000000000B
:109A3000AAAAAAAA00000024FFFE0000000000005D
:109A400000A00A000001000000000000AAAAAAAAC3
:109A500000000000FFFF0000000000000000000008
:109A60001400AA5600000000AAAAAAAA140055547D
:109A7000FFFF000000000000CCCC0C0020681A00A2
:109A800000000000AAAA8AAA10541500FFFF0000D7
:109A9000000C7007770000004081020100100000F8
:109AA000AAAAAAAA00410100F7FF00000000007066
:109AB000070000000000000000000000AAAAAAAAF7
:109AC00000000000FFFF0000000000000000000098
:109AD0000000000000000000AAAAAAAA00000000DE
:109AE000FFFF000000000000000000000000000078
:109AF00000000000AAAAAAAA00000000FFFF0000C0
:109B00000000000000000000000000000000000055
:109B1000AAAAAAAA00000000FFFF0000000000009F
:109B2000000000000000000000000000AAAAAAAA8D
:109B300000000000FFFF0000000000000000000027
:109B40000000000000000000AAAAAAAA000000006D
:109B5000FFFF000000000000000000004865782FB3
:109B600050726F6669434E430025424F415244256F
:109B70002D424C002553455249414C250000000020
:109B80000200000000000000F95D0008695E0008A6
:109B900040004000206200203062002002000000EF
:109BA000000000000300000000000000B15E00089B
:109BB00000000000100000004062002000000000D3
:109BC00001000000000000009C650020010102006F
:109BD000D96C0008E96B0008856C0008696C000806
:109BE00043000000E89B000809024300020100C096
:109BF00032090400000102020100052400100105E1
:109C00002401000104240202052406000107058244
:109C1000030800FF09040100020A00000007050113
:109C20000240000007058102400000001200000011
:109C3000349C00081201100102000040AE2D1610E5
:109C400000020102030100000403090425424F4100
:109C50005244250049463830302D43756265426CC8
:109C60007565003031323334353637383941424347
:109C700044454600000000200000020002000000F1
:109C80000000003000000400080000000000002474
:109C900000000800040000000004000000FC0000B8
:109CA00002000000000004300080000008000000F6
:109CB0000000003800000100010000001F1C1F1EF2
:109CC0001F1E1F1F1E1F1E1F1F1D1F1E1F1E1F1FAB
:109CD0001E1F1E1F000000000D600008C562000866
:109CE0007163000840004000D4660020D466002064
:109CF00001000000E4660020800000004001000038
:109D00000800000000010000001000000800000032
:109D100069646C65000000006D61696E002C043898
:109D2000040438080C10141C202425260000000010
:109D3000000064040100040000000000000C00109A
:109D4000283034002467FF7F01000000000000007D
:109D50008C0000000000000000001E000000000059
:109D6000FF0000007849002080390020EC390020F5
:109D7000583A0020000000009C9300088304000073
:109D8000A793000850040000B593000801000000EC
:109D9000000000000096000000000800960000008F
:109DA0000008000004000000489C000800000000BB
:109DB00000000000000000000000000000000000A3
:109DC00000000000782200200000000000000000D9
:109DD0000000000000000000000000000000000083
:109DE0000000000000000000000000000000000073
:109DF0000000000000000000000000000000000063
:109E00000000000000000000000000000000000052
:109E10000000000000000000000000000000000042
:089E200000000000000000003A
:00000001FF
